,,,B,C,D,E,F,G,H,I,J,K,L,M,N,O,P,Q,R,S,T,U,V,W,X,Y,Z,AA,AB,AC,AD,AE,,
,,Natural flows are ALWAYS SUBJECT TO CHANGE in future updates -- Last Updated 11/15/2022,,,,,,,,,,,,,,,,,,,,,,,,,,,,,,,,
,,Corresponding USGS gauge number,09072500,09095500,09109000,09124700,09127800,09152500,09180000,09180500,09211200,09217000,09234500,09251000,09260000,09302000,09306500,09315000,09328500,09355500,09379500,09380000,,09382000,09402000,09402500,09415000,09421500,09423000,09426000,09427520,09429490,,
,,USGS gauge name,"Colorado River At Glenwood Springs, CO","Colorado River Near Cameo, CO","Taylor River Below Taylor Park Reservoir, CO","Gunnision River Above Blue Mesa Reservoir,CO","Gunnison River At Crystal Reservoir,CO","Gunnison River Near Grand Junction, CO","Dolores River Near Cisco, UT",Colorado River Near Cisco UT,Green R Bel Fontenelle Res WY,"Green R. Nr Green River, WyY","Green River Near Greendale, UT","Yampa River Near Maybell, CO\","Little Snake River Near Lily, CO","Duchesne River Near Randlett, UT","White River Near Watson, UT","Green River At Green River, UT","San Rafael River Near Green River, UT","San Juan River Near Archuleta,NM","San Juan River Near Bluff, UT","Colorado R At Lees Ferry, AZ",,"Paria R At Lees Ferry, AZ","Little Colorado River Near Cameron, AZ","Colorado River Near Grand Canyon, AZ","Virgin River At Littlefield, AZ","Colorado River Below Hoover Dam, AZ-NV","Colorado River Below Davis Dam, AZ-NV","Bill Williams River Below Alamo Dam, AZ","Colorado River Below Parker Dam, AZ-CA","Colorado River Above Imperial Dam, AZ",,
,,Natural Flow And Salt Calc model Object.Slot,UpperColoradoReach.Total Inflow,ColoRAbv09095500:GainsAbvCameo.Total Inflow,TaylorRiver.Total Inflow,TaylorAboveBlueMesa:GainsAboveBlueMesa.Total Inflow,GunnisonRiverAboveCrystal:GainsAboveCrystal.Total Inflow,GunnisonRiverAboveGrandJunction:GainsGunnisonRiverAbvGrandJunction.Total Inflow,DoloresRiver.Total Inflow,GrandValleyReach:GainsAboveCisco.Total Inflow,GreenRAboveGage09211200.Total Inflow,Gage09211200ToGage09217000:GainsAbv09217000.Total Inflow,Gage09217000ToGage09234500:GainsAbv09234500.Total Inflow,YampaRAbv09251000.Total Inflow,LittleSnakeRAbv09260000.Total Inflow,DuchesneAbv09302000.Total Inflow,WhiteRiverAbv09306500.Total Inflow,GreenRAbvGage09315000:GainsAbvGreenRUtah.Total Inflow,SanRafaelRiver.Total Inflow,SJAboveNavajo.Total Inflow,SJBelowNavajo:GainsAboveBluff.Total Inflow,ColoradoRAbvPowell:GainsAboveLeesFerry.Total Inflow,,CoRivPowellToVirgin:PariaGains.Total Inflow,CoRivPowellToVirgin:LittleCoR.Total Inflow,CoRivPowellToVirgin:GainsAboveGC.Total Inflow,VirginRiver.Total Inflow,CoRivVirginToMead:GainsAboveHoover.Total Inflow,CoRivMeadToMohave:GainsAboveDavis.Total Inflow,CoRivMohaveToHavasu:BillWilliamsRiver.Total Inflow,CoRivMohaveToHavasu:GainsAboveParker.Total Inflow,AboveImperialDamColoradoR:GainsOnColoRAboveImperialDam.Total Inflow,,
Annualize,,Water Year,(ac-ft/yr),(ac-ft/yr),(ac-ft/yr),(ac-ft/yr),(ac-ft/yr),(ac-ft/yr),(ac-ft/yr),(ac-ft/yr),(ac-ft/yr),(ac-ft/yr),(ac-ft/yr),(ac-ft/yr),(ac-ft/yr),(ac-ft/yr),(ac-ft/yr),(ac-ft/yr),(ac-ft/yr),(ac-ft/yr),(ac-ft/yr),(ac-ft/yr),,(ac-ft/yr),(ac-ft/yr),(ac-ft/yr),(ac-ft/yr),(ac-ft/yr),(ac-ft/yr),(ac-ft/yr),(ac-ft/yr),(ac-ft/yr),,
6,17,1906,"2,704,899","4,419,834","191,485","1,437,928","1,673,928","2,786,168","646,693","8,042,414","1,492,200","1,619,511","2,264,806","1,643,321","554,089","1,032,334","726,768","6,643,543","265,564","1,493,502","2,605,715","18,214,678",,"27,871","250,614","18,492,643","116,972","18,910,454","18,826,772","18,819","18,910,689","18,580,217",,
18,29,1907,"3,105,421","4,840,024","223,303","1,706,128","1,960,128","2,888,906","669,219","8,551,631","2,007,000","2,145,843","3,360,847","1,973,921","837,537","1,565,992","833,108","9,297,303","277,684","1,143,979","2,095,016","21,234,305",,"13,996","441,651","21,972,208","113,088","22,150,677","22,165,670","81,416","22,289,903","22,031,761",,
30,41,1908,"1,705,109","2,918,777","155,516","965,528","1,115,028","1,662,635","393,988","5,191,180","1,164,600","1,267,635","1,830,779","955,626","374,983","699,423","491,006","4,734,316","151,664","1,253,847","1,977,570","11,773,952",,"25,866","102,562","12,185,814","128,649","12,546,333","12,698,135","126,250","12,773,130","12,764,361",,
42,53,1909,"3,149,538","5,092,833","251,276","1,786,328","2,060,228","2,948,996","991,606","9,030,357","2,047,300","2,211,091","3,249,606","1,991,222","800,514","1,517,926","840,882","9,129,833","291,752","2,067,074","3,407,667","21,841,427",,"20,472","204,211","22,283,580","112,204","22,759,638","23,197,586","111,405","23,171,310","23,044,711",,
54,65,1910,"1,899,785","3,325,858","151,696","1,255,028","1,481,428","2,420,233","766,330","6,587,653","1,243,000","1,343,976","2,009,343","1,123,783","494,666","807,573","582,034","5,380,917","316,214","1,191,799","2,109,325","14,736,670",,"14,001","76,231","15,052,914","129,708","15,773,794","16,050,172","54,744","16,021,821","15,643,249",,
66,77,1911,"2,192,683","3,614,983","207,785","1,505,328","1,743,328","2,585,971","749,773","7,251,910","991,700","1,025,708","1,727,071","1,153,820","370,396","714,412","572,603","4,751,681","214,614","2,056,743","3,147,987","15,125,081",,"26,931","94,905","15,589,851","191,591","16,443,813","16,560,394","123,766","16,411,956","15,803,746",,
78,89,1912,"2,986,978","4,935,169","218,048","1,663,228","1,945,228","3,244,447","1,041,169","9,363,498","1,643,900","1,759,971","2,521,766","1,675,018","561,211","995,392","711,922","6,708,358","248,514","1,824,484","2,941,102","19,082,127",,"34,608","134,018","19,429,153","243,736","19,915,810","20,074,376","186,218","20,082,586","19,549,619",,
90,101,1913,"1,827,716","3,341,007","148,943","1,020,328","1,183,728","1,914,399","927,312","6,098,750","1,805,200","1,954,937","2,577,497","1,227,311","512,848","857,168","548,286","6,023,589","252,014","1,022,754","1,954,630","14,472,192",,"21,396","165,441","14,655,740","153,499","15,188,763","15,310,657","72,856","15,250,532","14,730,931",,
102,113,1914,"3,083,510","4,853,049","197,333","1,555,128","1,801,728","3,225,511","928,609","8,898,320","1,844,900","1,969,356","2,896,516","1,837,250","685,040","1,235,116","774,687","7,815,479","327,266","1,610,749","2,902,903","21,066,767",,"16,551","85,308","21,437,964","93,980","21,869,016","22,062,080","75,979","21,921,076","21,486,825",,
114,125,1915,"1,813,893","3,069,976","132,782","983,128","1,131,628","2,191,647","751,370","6,026,415","868,700","920,300","1,440,294","967,530","328,156","652,077","521,676","4,215,434","166,865","1,665,870","3,107,135","14,137,603",,"17,985","66,157","14,239,932","109,198","14,994,043","15,109,840","115,800","15,038,534","14,630,065",,
126,137,1916,"2,296,806","4,141,719","166,941","1,441,428","1,670,028","3,020,263","1,406,693","8,343,066","1,713,200","1,863,300","2,589,559","1,357,858","517,737","980,876","706,991","6,481,466","251,256","1,888,800","3,448,637","19,187,542",,"31,720","275,397","19,769,254","271,527","20,454,763","20,707,751","312,400","20,724,977","20,265,589",,
138,149,1917,"3,035,596","5,121,257","215,193","1,482,928","1,707,528","3,247,363","1,248,660","9,661,928","2,084,300","2,181,400","3,149,956","2,197,774","825,136","1,483,856","876,393","9,157,766","394,373","2,005,818","3,680,224","23,849,259",,"29,121","179,499","23,996,670","197,796","24,722,489","25,038,647","120,800","25,021,820","24,384,173",,
150,161,1918,"2,866,723","4,579,457","213,359","1,428,128","1,646,528","2,467,537","338,141","7,353,690","1,743,800","1,871,700","2,449,906","1,354,162","462,523","841,079","615,092","5,890,585","200,844","912,334","1,776,327","15,750,724",,"20,531","176,619","16,261,093","157,355","16,687,474","17,016,900","94,800","17,012,796","16,385,851",,
162,173,1919,"1,701,996","3,013,017","155,368","1,043,128","1,202,228","2,132,276","782,963","5,884,218","739,000","787,000","1,212,764","1,007,003","308,713","511,722","529,133","3,945,103","163,229","1,391,946","2,552,720","12,951,469",,"28,580","212,840","13,597,572","154,188","14,053,546","14,363,225","202,200","14,594,296","14,048,169",,
174,185,1920,"2,832,348","4,975,910","206,687","1,622,828","1,884,328","3,461,522","1,337,523","9,908,922","1,514,100","1,596,100","2,425,519","1,628,541","605,665","1,028,221","775,269","6,749,065","293,382","2,172,856","4,176,213","21,927,976",,"25,098","226,556","22,418,410","214,020","23,424,164","23,912,449","254,000","24,149,770","23,599,366",,
186,197,1921,"2,978,316","5,058,386","213,899","1,577,928","1,823,528","3,178,778","1,398,842","9,802,845","1,749,400","1,880,900","2,899,479","1,849,102","795,410","1,238,934","826,249","7,971,213","313,426","1,751,223","3,205,307","22,703,070",,"29,799","181,378","23,228,030","135,736","23,917,486","24,246,613","83,000","24,132,499","23,417,037",,
198,209,1922,"2,094,881","3,843,462","147,779","1,213,028","1,409,328","2,809,986","1,190,422","7,983,178","1,775,000","1,916,000","2,790,329","1,190,704","489,404","1,142,880","727,128","6,943,408","239,700","1,560,923","2,931,300","18,524,420",,"29,476","150,254","18,905,368","221,168","19,875,865","20,279,909","209,800","20,396,044","19,787,627",,
210,221,1923,"2,598,303","4,473,352","206,227","1,409,228","1,626,728","2,833,919","950,325","8,245,998","1,689,100","1,782,400","2,647,216","1,467,424","503,265","1,157,263","730,882","7,059,075","263,991","1,372,914","2,538,648","18,327,468",,"14,191","233,063","18,777,051","244,454","19,849,557","20,087,032","164,200","20,074,520","19,621,067",,
222,233,1924,"2,279,577","3,765,400","169,310","1,191,828","1,388,428","2,434,728","687,991","6,930,321","1,089,300","1,179,800","1,567,802","1,015,242","418,288","648,969","509,400","4,562,559","200,571","1,242,633","2,309,939","14,650,942",,"19,292","168,787","15,203,079","126,833","16,418,849","16,695,866","52,400","16,652,001","16,258,729",,
234,245,1925,"1,890,624","3,210,047","142,921","1,036,528","1,198,528","2,171,433","680,805","6,042,821","1,393,700","1,503,600","2,030,151","1,050,105","436,717","682,224","568,000","4,835,784","184,456","1,092,160","2,045,633","13,514,438",,"29,521","90,192","13,938,484","145,678","14,248,169","14,633,217","115,200","14,741,072","14,295,645",,
246,257,1926,"2,689,544","4,310,336","177,981","1,070,228","1,239,128","2,450,765","761,920","7,660,758","1,103,300","1,210,500","1,664,690","1,185,537","572,766","783,384","694,400","5,218,147","249,047","1,295,906","2,424,229","16,248,626",,"32,070","196,440","16,692,384","156,646","16,912,797","17,220,903","139,400","17,212,329","16,699,049",,
258,269,1927,"2,468,717","4,294,798","177,101","1,358,228","1,573,628","2,835,072","1,180,596","8,471,257","1,554,500","1,693,100","2,361,110","1,381,396","565,895","899,222","572,600","6,114,256","275,372","1,938,268","3,577,240","18,689,765",,"45,933","429,583","19,410,745","203,921","19,573,427","19,664,509","432,400","19,866,678","19,467,149",,
270,281,1928,"2,914,777","4,734,008","226,852","1,517,855","1,772,355","2,920,545","864,615","8,624,038","1,520,500","1,648,500","2,262,704","1,563,089","622,623","981,455","724,700","6,779,847","266,892","952,350","1,917,306","17,770,602",,"16,057","93,654","18,092,240","144,115","18,242,867","18,427,252","21,300","18,262,902","17,591,893",,
282,293,1929,"2,833,078","4,815,765","228,900","1,581,545","1,822,245","3,497,866","1,296,763","9,653,889","1,168,200","1,242,300","1,912,235","2,078,686","903,345","1,117,851","1,284,700","7,657,698","299,861","1,605,844","3,245,672","21,791,156",,"34,814","558,828","22,037,250","171,116","21,963,600","22,009,419","31,200","21,900,382","21,310,419",,
294,305,1930,"2,203,512","3,758,622","164,780","1,175,003","1,362,703","2,532,188","1,026,988","7,244,173","1,417,400","1,461,300","2,027,350","1,121,326","321,876","811,411","638,500","5,176,688","202,373","989,208","1,926,900","15,130,571",,"19,029","205,006","15,502,765","187,995","15,713,928","15,509,812","33,000","15,592,708","15,324,200",,
306,317,1931,"1,337,041","2,247,450","103,408","522,763","599,563","1,228,972","604,002","3,978,451","676,800","696,100","987,701","883,090","463,983","397,831","401,500","3,355,729","122,224","666,435","1,164,453","8,868,682",,"11,370","178,714","9,213,868","119,374","9,511,876","9,510,723","108,900","9,693,859","9,466,174",,
318,329,1932,"2,106,024","3,863,457","180,456","1,143,832","1,328,632","2,719,264","1,155,733","7,857,118","1,219,700","1,242,400","1,992,538","1,444,555","785,087","855,321","626,900","5,875,101","210,448","1,962,698","3,171,598","17,809,509",,"37,930","509,199","18,524,858","381,908","19,064,409","19,038,914","319,600","19,272,981","19,174,722",,
330,341,1933,"2,027,347","3,406,963","143,210","922,072","1,073,172","1,925,372","474,350","5,821,050","980,300","978,800","1,551,851","1,125,452","568,341","616,004","574,800","4,544,358","143,701","811,669","1,486,420","12,312,744",,"16,674","139,239","12,592,046","127,482","12,944,528","12,952,729","13,300","12,961,743","12,867,883",,
342,353,1934,"1,118,162","2,069,136","79,344","521,320","603,520","1,074,018","252,160","3,329,525","477,600","466,300","686,625","432,759","106,986","165,024","318,500","1,987,835","69,374","489,892","955,529","6,589,700",,"19,438","74,827","6,867,822","78,085","7,270,509","7,295,721","11,600","7,119,856","6,862,036",,
354,365,1935,"1,700,049","3,092,740","140,086","970,461","1,120,806","1,865,888","728,892","5,881,783","982,100","991,100","1,564,480","935,026","268,448","444,277","439,600","3,660,333","141,793","1,627,411","2,390,755","12,248,940",,"17,124","234,473","12,570,120","164,805","12,536,460","12,481,133","110,200","12,346,919","12,124,213",,
366,377,1936,"2,400,749","3,943,263","166,776","1,227,382","1,437,818","2,241,926","799,892","7,065,645","1,624,300","1,679,900","2,420,575","1,207,387","395,450","695,994","510,300","5,098,558","187,466","1,060,012","1,838,812","14,521,432",,"35,275","178,518","14,908,764","130,943","15,085,474","14,989,087","21,800","14,787,048","14,220,983",,
378,389,1937,"1,560,946","2,788,510","130,900","960,932","1,123,247","1,951,457","906,200","5,824,235","1,236,500","1,298,200","1,799,070","996,468","513,431","774,474","428,800","4,939,481","200,723","1,531,055","2,537,600","14,159,154",,"26,974","370,524","14,698,305","240,292","14,955,541","14,862,937","253,000","14,901,132","14,403,898",,
390,401,1938,"2,575,401","4,392,350","165,005","1,338,063","1,576,118","2,962,277","1,055,000","8,731,453","1,385,700","1,441,100","2,078,365","1,296,415","512,639","835,890","643,300","5,620,481","239,383","1,559,344","2,650,286","17,918,453",,"25,709","184,753","18,132,183","278,680","18,604,649","18,569,922","112,900","18,359,808","17,930,048",,
402,413,1939,"1,859,169","3,012,509","131,797","905,953","1,019,453","1,882,992","525,300","5,490,650","1,014,100","1,077,600","1,497,828","996,485","333,962","536,359","493,900","4,152,066","145,444","864,473","1,475,396","11,699,708",,"33,733","89,797","11,958,479","154,973","12,422,019","12,329,818","231,500","12,535,186","12,101,154",,
414,425,1940,"1,442,183","2,291,393","80,824","646,718","746,418","1,514,542","604,100","4,681,476","572,700","571,500","913,786","907,776","288,629","427,536","432,700","3,176,924","123,891","634,075","1,195,415","9,422,918",,"26,450","143,178","9,802,212","173,669","10,301,556","10,257,299","33,079","10,034,750","9,697,914",,
426,437,1941,"1,821,173","3,243,428","127,245","1,141,580","1,297,380","2,793,246","1,480,400","7,791,509","1,104,300","1,155,500","1,625,062","1,046,810","421,549","793,810","592,400","4,925,309","219,778","2,529,699","4,465,625","18,269,619",,"27,675","642,023","19,183,724","399,940","20,277,593","20,182,886","527,639","20,450,715","19,928,503",,
438,449,1942,"2,059,865","3,862,338","156,564","1,355,256","1,543,756","3,373,879","1,753,100","8,928,755","1,261,800","1,360,400","1,895,885","1,253,465","491,288","907,512","725,400","5,712,569","246,341","1,793,955","3,301,402","19,333,147",,"19,669","161,290","19,583,744","214,960","20,435,713","20,331,687","28,404","19,983,354","19,738,482",,
450,461,1943,"1,989,162","3,246,724","155,744","1,162,266","1,324,866","2,214,193","757,300","6,420,332","1,693,900","1,778,900","2,402,252","960,419","366,299","738,468","465,900","5,040,577","158,596","859,633","1,623,143","13,613,558",,"18,714","110,938","13,802,771","178,136","14,403,840","14,174,873","20,369","14,112,950","13,537,347",,
462,473,1944,"1,639,846","2,992,924","127,917","1,235,705","1,420,105","2,660,197","1,150,200","7,124,088","1,333,800","1,416,500","2,097,323","912,512","420,008","987,239","483,600","5,191,737","258,548","1,331,093","2,456,848","15,422,647",,"18,962","139,848","15,747,550","182,629","16,334,193","15,990,859","137,490","15,914,091","15,571,967",,
474,485,1945,"1,878,229","3,275,805","119,033","992,771","1,158,671","2,301,694","810,000","6,671,738","1,150,500","1,205,900","1,731,129","1,298,551","505,455","699,963","532,300","5,026,782","170,719","1,037,098","1,865,600","14,040,218",,"16,372","172,232","14,382,950","166,267","15,023,806","14,733,137","72,755","14,698,299","14,395,094",,
486,497,1946,"1,700,540","2,865,081","110,428","842,253","964,353","1,704,655","454,000","5,243,989","1,250,900","1,305,322","1,878,853","910,693","349,660","605,795","435,900","4,234,126","142,397","520,635","1,062,661","11,000,258",,"22,855","125,686","11,367,462","121,405","11,639,423","11,474,560","11,023","11,451,282","11,025,654",,
498,509,1947,"2,408,338","4,047,075","164,023","1,242,935","1,387,735","2,330,043","659,600","7,277,768","1,747,000","1,887,738","2,475,575","1,361,559","491,076","859,231","605,300","6,247,578","213,563","833,429","1,708,623","15,851,265",,"23,236","166,015","16,094,267","192,307","16,658,607","16,662,424","21,350","16,565,759","16,297,352",,
510,521,1948,"2,044,065","3,573,463","174,864","1,386,491","1,625,991","2,877,453","1,005,600","7,649,066","1,185,800","1,284,413","1,806,735","1,243,928","313,536","607,410","564,000","4,843,580","149,330","1,359,936","2,485,975","15,761,665",,"19,111","201,089","15,961,888","116,396","16,166,263","16,222,634","7,686","16,136,952","15,859,413",,
522,533,1949,"2,190,356","3,634,121","158,075","1,331,121","1,513,121","2,600,926","970,900","7,459,074","1,210,400","1,315,914","1,874,252","1,372,433","560,255","917,643","603,700","5,808,726","212,008","1,504,690","2,695,622","16,733,517",,"19,586","287,273","16,759,276","155,866","17,380,755","17,331,352","57,814","17,228,419","17,182,028",,
534,545,1950,"1,658,232","2,876,941","123,520","888,936","991,136","1,824,016","527,500","5,378,390","1,907,900","2,066,279","2,809,940","1,013,086","470,700","884,987","478,600","6,145,089","117,244","637,620","1,083,747","13,111,501",,"13,493","47,055","13,145,102","127,032","13,344,234","13,441,981","8,328","13,250,754","13,251,837",,
546,557,1951,"2,249,649","3,466,913","137,427","910,767","1,016,467","1,670,670","301,500","5,413,946","1,944,900","2,102,820","2,557,833","1,074,204","321,944","741,593","500,300","5,513,448","129,044","457,829","908,635","12,445,707",,"13,912","50,203","12,467,735","99,962","12,772,313","12,857,208","67,765","12,738,869","12,550,130",,
558,569,1952,"2,872,648","4,730,665","201,037","1,568,064","1,818,264","3,174,363","1,242,500","9,279,848","1,456,400","1,708,269","2,466,734","1,510,729","758,430","1,432,060","723,000","7,758,469","384,143","1,662,660","2,811,219","20,850,053",,"18,857","352,521","21,050,305","273,502","21,791,813","21,950,313","185,147","21,853,874","21,795,432",,
570,581,1953,"1,894,235","3,022,818","130,571","938,973","1,077,473","1,794,128","433,900","5,340,592","1,091,400","1,219,510","1,537,548","887,985","296,384","604,640","505,900","4,134,686","134,097","611,437","1,157,854","11,154,855",,"17,887","58,802","11,247,137","99,443","11,563,992","11,736,330","7,484","11,621,165","11,617,434",,
582,593,1954,"1,056,160","1,836,806","96,808","562,474","639,074","1,143,568","338,100","3,470,822","1,197,600","1,296,284","1,479,205","577,364","204,229","469,398","371,500","3,335,127","89,788","661,547","1,236,743","8,304,000",,"15,683","108,560","8,431,976","136,469","8,668,235","8,746,952","63,504","8,502,794","8,567,026",,
594,605,1955,"1,413,513","2,487,352","113,415","691,606","798,906","1,508,286","509,400","4,631,302","893,400","946,740","1,209,749","824,414","257,555","533,943","419,200","3,549,031","90,536","603,072","1,203,881","9,709,235",,"17,659","195,570","9,998,550","135,489","10,572,564","10,740,160","34,816","10,577,937","10,668,950",,
606,617,1956,"1,883,692","2,977,623","136,010","838,795","967,595","1,592,440","410,500","5,063,190","1,637,300","1,764,953","2,172,518","1,101,486","442,981","649,399","456,700","5,330,759","86,833","626,367","1,109,104","11,622,348",,"9,930","19,342","11,742,250","92,887","12,076,134","12,248,070","7,330","12,032,230","12,101,559",,
618,629,1957,"3,021,141","4,953,450","244,618","1,854,888","2,201,988","3,694,352","1,230,000","10,090,575","1,525,100","1,619,725","2,171,947","1,828,186","529,955","731,123","752,800","6,413,957","206,007","1,631,478","2,847,427","20,211,418",,"16,590","174,957","20,387,321","100,177","21,034,714","21,032,104","11,316","20,808,735","20,859,419",,
630,641,1958,"2,063,239","3,390,398","135,752","1,358,354","1,574,754","2,835,174","1,221,700","7,738,592","1,159,300","1,237,665","1,631,909","1,337,522","457,499","796,562","630,400","5,361,484","263,213","1,517,266","2,799,096","16,870,816",,"39,165","167,253","17,207,044","294,684","17,790,031","17,902,591","65,220","17,702,164","17,780,960",,
642,653,1959,"1,715,627","2,742,867","103,270","720,636","818,636","1,382,043","292,400","4,504,765","994,300","1,044,454","1,355,588","866,027","240,453","418,731","445,900","3,521,090","71,424","437,351","873,676","9,245,100",,"13,880","51,394","9,439,448","92,841","9,678,116","9,759,840","15,259","9,591,706","9,654,839",,
654,665,1960,"1,995,966","3,111,658","137,744","982,319","1,122,519","1,855,649","638,500","5,700,298","767,100","815,502","1,214,466","1,068,304","327,530","447,473","431,800","3,828,721","91,961","1,221,673","2,009,081","11,977,277",,"10,533","194,168","12,379,048","83,405","12,833,684","12,803,788","26,105","12,820,364","12,750,057",,
666,677,1961,"1,501,497","2,419,443","110,291","768,525","868,225","1,500,524","499,000","4,546,229","694,700","705,205","977,148","683,544","188,293","356,951","374,800","2,761,830","100,583","815,961","1,454,632","9,199,061",,"31,001","38,760","9,606,734","108,450","9,905,063","9,901,608","6,612","9,814,440","9,665,156",,
678,689,1962,"2,836,282","4,627,400","199,072","1,408,126","1,594,626","2,658,992","729,600","8,219,900","1,498,200","1,596,747","2,392,307","1,559,121","600,899","902,170","704,900","6,850,045","177,601","1,058,711","1,783,986","17,760,809",,"15,109","157,761","18,236,900","142,430","18,288,785","18,312,265","18,384","18,269,694","18,138,512",,
690,701,1963,"1,311,121","2,121,278","102,798","694,188","763,788","1,343,189","384,300","4,035,058","1,061,400","1,082,857","1,352,697","688,917","231,207","535,727","373,100","3,423,753","109,452","665,253","1,269,722","9,115,209",,"19,979","84,264","9,357,751","83,261","9,670,608","9,749,103","30,942","9,693,199","9,475,706",,
702,713,1964,"1,473,949","2,496,486","105,141","879,145","1,021,445","1,785,948","463,800","4,843,768","1,221,600","1,364,276","1,874,573","915,268","341,593","675,780","428,800","4,487,195","120,526","573,680","1,093,197","10,381,353",,"13,345","170,907","10,694,419","89,537","10,773,327","10,824,697","34,951","10,730,282","10,644,674",,
714,725,1965,"2,490,962","4,127,616","200,692","1,547,621","1,783,421","3,015,945","974,900","8,235,451","1,889,400","1,975,445","2,956,971","1,362,151","502,538","1,166,296","593,600","7,094,170","234,588","1,605,544","2,681,258","18,358,969",,"15,478","225,894","18,520,876","120,485","19,391,887","19,669,655","119,376","19,528,345","19,396,676",,
726,737,1966,"1,329,035","2,310,219","127,473","881,541","1,001,091","1,799,460","666,200","5,065,547","1,069,600","1,162,023","1,486,872","768,020","336,813","665,089","406,400","4,037,861","109,818","1,107,054","1,974,554","11,060,726",,"16,042","202,479","11,535,575","128,499","12,012,700","12,423,085","184,571","12,294,620","12,143,534",,
738,749,1967,"1,737,860","2,810,018","135,116","810,233","880,713","1,555,105","398,500","4,807,225","1,573,500","1,625,083","2,160,943","949,203","366,753","957,718","414,300","5,207,477","129,745","705,460","1,267,558","11,708,544",,"26,289","190,426","12,168,863","187,558","12,756,715","13,068,689","66,779","12,880,176","12,825,792",,
750,761,1968,"1,854,468","3,129,862","139,854","1,022,430","1,214,990","2,138,896","677,200","5,973,949","1,310,400","1,346,609","1,788,010","1,205,583","509,168","894,982","504,900","5,298,793","133,968","961,078","1,767,598","13,338,625",,"23,720","213,800","13,941,774","128,660","14,231,933","14,434,336","64,341","14,325,633","14,129,904",,
762,773,1969,"1,943,841","3,319,310","157,622","1,035,415","1,278,825","2,350,172","754,800","6,453,617","1,376,400","1,536,255","1,939,652","1,163,140","432,497","998,621","511,900","5,509,424","217,228","1,187,285","2,108,031","14,452,503",,"26,680","139,849","14,913,272","343,562","15,540,220","15,765,047","38,296","15,636,621","15,487,452",,
774,785,1970,"2,408,563","3,980,431","190,283","1,404,822","1,776,182","2,848,871","715,300","7,578,359","981,000","1,054,107","1,505,289","1,411,273","548,554","607,038","596,000","5,193,131","162,530","995,857","1,978,286","15,055,808",,"15,534","80,639","15,504,498","96,943","15,741,568","16,013,602","21,339","15,886,878","15,616,976",,
786,797,1971,"2,525,603","4,063,185","167,410","1,082,725","1,390,911","2,371,211","530,892","6,753,457","1,771,319","1,962,072","2,687,501","1,571,010","675,607","838,231","579,049","6,546,563","109,543","621,670","1,363,962","14,728,422",,"15,911","77,648","14,975,098","99,748","15,202,263","15,512,612","13,365","15,360,565","15,141,296",,
798,809,1972,"2,008,771","3,292,478","138,561","804,038","960,364","1,654,450","273,084","4,975,116","2,048,083","2,229,629","2,901,052","998,235","395,111","804,050","467,394","5,726,730","101,824","590,515","1,280,274","12,436,437",,"19,350","132,577","12,665,327","126,915","12,782,277","13,017,992","4,758","12,918,683","12,657,497",,
810,821,1973,"2,380,081","3,985,024","147,552","1,104,206","1,390,214","2,789,923","1,390,453","8,122,585","1,205,775","1,409,993","2,206,443","1,317,064","558,495","1,076,553","604,390","6,322,326","227,519","2,075,153","4,112,471","19,137,698",,"31,416","815,855","20,259,362","321,014","20,734,631","20,921,879","162,475","20,808,402","20,594,584",,
822,833,1974,"2,365,932","3,623,446","112,984","810,762","1,049,104","2,047,886","507,637","5,939,259","1,572,702","1,708,725","2,272,108","1,516,206","575,497","702,521","558,857","6,006,068","117,657","547,326","928,365","12,956,069",,"10,720","28,263","13,188,526","90,477","13,554,400","13,909,202","2,671","13,475,414","13,205,157",,
834,845,1975,"2,172,740","3,722,093","130,067","1,138,223","1,414,219","2,448,849","1,077,731","7,069,372","1,433,035","1,558,850","2,288,356","1,299,600","467,811","966,018","595,297","6,296,642","175,366","1,551,183","2,751,640","16,530,990",,"18,621","112,423","16,804,685","111,209","17,356,644","17,482,198","1,486","17,204,186","16,941,745",,
846,857,1976,"1,697,603","2,923,858","121,718","743,094","897,991","1,653,012","563,562","4,867,588","1,574,649","1,702,432","2,093,770","908,340","416,070","566,314","434,855","4,652,510","74,771","829,129","1,366,355","11,205,891",,"11,894","107,568","11,458,837","91,198","11,829,425","11,989,476","57,883","11,866,729","11,723,420",,
858,869,1977,"1,064,570","1,813,854","62,183","344,478","428,184","801,080","199,360","2,624,740","531,486","584,703","775,643","419,089","129,715","243,954","258,022","1,930,563","48,468","305,653","628,814","5,520,257",,"8,280","69,573","5,796,630","81,440","5,860,501","6,182,534","17,350","6,092,915","5,931,312",,
870,881,1978,"2,465,552","3,780,031","127,084","1,044,843","1,307,920","2,359,459","911,536","7,181,268","1,622,799","1,730,097","2,195,499","1,549,154","539,550","657,399","577,493","5,747,325","135,368","819,643","1,552,523","14,854,159",,"15,033","178,835","14,957,573","256,558","15,786,361","16,089,698","32,594","16,004,980","15,766,691",,
882,893,1979,"2,424,482","4,013,767","171,264","1,219,106","1,459,720","2,850,294","1,276,175","8,443,804","1,044,623","1,155,220","1,428,825","1,407,086","453,150","655,399","599,960","5,100,426","164,769","2,073,260","3,727,286","17,549,866",,"35,853","472,708","18,321,430","308,899","19,047,965","19,402,845","225,842","19,446,135","19,266,568",,
894,905,1980,"2,236,333","3,789,418","167,503","1,237,745","1,442,467","2,771,038","1,217,069","7,893,936","1,390,969","1,554,351","2,130,241","1,380,364","589,309","943,696","550,718","6,195,042","238,171","1,526,778","2,852,184","17,265,630",,"47,283","333,321","17,797,292","450,249","18,790,908","19,247,203","644,468","19,437,092","19,144,319",,
906,917,1981,"1,273,685","2,194,931","85,308","525,537","670,970","1,180,516","392,715","3,888,443","825,727","932,678","1,212,726","666,148","289,071","388,235","404,779","3,307,143","104,924","580,665","1,058,161","8,680,916",,"21,092","41,148","8,609,267","163,864","9,328,665","9,839,549","86,366","9,436,985","9,278,776",,
918,929,1982,"2,184,461","3,692,422","156,632","1,098,176","1,328,409","2,574,618","908,556","7,387,328","1,806,873","1,898,566","2,373,905","1,482,462","612,543","813,872","594,033","6,217,994","189,869","1,360,976","2,383,822","16,668,369",,"18,805","227,576","17,152,292","165,170","17,684,688","17,921,450","7,696","17,763,669","17,578,374",,
930,941,1983,"2,964,333","5,323,679","165,163","1,281,212","1,729,958","3,577,951","1,665,017","10,984,642","2,018,688","2,245,808","3,452,695","1,671,647","711,106","1,497,338","817,404","9,082,791","421,405","1,528,480","2,906,414","23,703,256",,"26,857","323,279","23,888,064","504,585","25,088,118","25,604,972","126,593","25,099,428","24,627,115",,
942,953,1984,"3,447,169","6,256,168","232,251","1,836,619","2,515,846","4,288,545","1,471,582","12,546,643","1,707,897","1,876,605","2,945,617","2,290,853","942,625","1,168,224","1,047,640","8,987,714","449,052","1,330,090","2,408,893","24,180,594",,"18,213","212,487","24,438,629","191,367","25,586,869","26,049,517","123,831","26,108,527","25,518,578",,
954,965,1985,"2,707,678","5,090,431","196,834","1,423,344","1,891,998","3,567,279","1,451,548","10,496,268","1,224,804","1,249,553","1,799,704","1,738,154","585,587","778,873","899,425","6,545,055","263,969","2,012,657","3,240,330","21,060,146",,"15,306","274,671","21,281,532","175,314","22,144,662","22,305,244","161,639","22,670,435","22,011,149",,
966,977,1986,"2,787,750","4,943,969","234,809","1,465,433","1,759,737","3,360,758","1,209,586","9,846,214","2,428,338","2,525,234","3,394,534","1,812,903","653,794","1,344,152","890,683","8,636,465","218,446","1,684,392","3,102,214","22,363,869",,"18,455","96,837","22,755,379","143,328","23,065,902","23,180,313","199,687","23,338,959","22,838,135",,
978,989,1987,"1,639,881","3,099,289","177,798","1,163,411","1,462,856","2,935,358","1,331,711","7,681,713","1,350,136","1,439,786","1,958,198","921,561","345,264","884,308","606,522","5,073,046","132,310","1,860,362","3,410,871","16,608,819",,"16,387","161,951","16,858,709","130,372","17,508,840","17,516,512","21,384","17,673,453","17,478,054",,
990,1001,1988,"1,908,933","2,920,021","110,382","676,674","901,539","1,696,197","613,530","5,221,228","884,128","937,648","1,422,079","1,058,590","387,863","481,237","589,989","4,231,430","105,783","883,197","1,832,414","11,680,769",,"15,551","181,127","12,143,013","190,172","12,582,161","12,587,097","53,775","12,657,138","12,711,635",,
1002,1013,1989,"1,556,879","2,567,417","117,284","722,238","885,341","1,662,016","552,268","4,794,999","981,785","1,030,250","1,387,431","782,884","264,896","425,114","419,029","3,411,219","84,179","866,495","1,548,846","9,597,872",,"12,655","36,476","9,892,512","121,322","10,315,023","10,364,638","8,736","10,634,139","10,355,294",,
1014,1025,1990,"1,490,701","2,367,584","106,234","611,380","762,504","1,358,739","346,450","4,018,589","1,041,675","1,086,236","1,435,132","830,017","265,516","490,150","350,971","3,451,195","74,549","806,001","1,394,218","9,002,498",,"10,815","36,135","9,308,226","82,099","9,650,931","9,669,990","6,759","9,935,197","9,669,505",,
1026,1037,1991,"1,883,312","3,078,546","130,748","905,804","1,176,894","2,110,538","620,381","5,678,063","1,198,074","1,282,752","1,752,092","1,010,218","300,235","567,667","454,232","4,220,008","122,728","1,084,234","1,849,333","12,345,740",,"9,603","124,564","12,768,316","72,588","13,185,772","12,829,391","90,680","13,284,662","13,022,377",,
1038,1049,1992,"1,596,099","2,618,461","102,401","744,622","982,960","2,010,514","783,323","5,240,231","782,203","851,926","1,277,941","754,990","222,590","438,197","422,766","3,252,614","110,981","1,166,150","1,985,633","11,095,606",,"20,772","216,299","11,580,618","138,437","12,259,095","11,992,369","92,552","12,422,763","12,267,101",,
1050,1061,1993,"2,463,142","4,390,843","179,574","1,312,741","1,667,279","3,364,835","1,523,705","8,994,900","1,308,735","1,368,580","1,926,659","1,421,707","552,831","742,693","671,987","5,538,425","171,871","1,617,787","2,899,588","18,627,097",,"34,848","594,522","19,338,998","430,085","20,639,149","20,517,663","691,529","21,504,497","21,252,988",,
1062,1073,1994,"1,596,736","2,780,738","123,069","798,032","989,274","1,930,656","611,314","5,112,150","889,649","957,709","1,358,549","770,352","264,007","545,183","330,522","3,465,877","115,806","1,023,771","1,572,817","10,643,272",,"15,295","79,119","10,741,965","132,174","11,273,966","11,071,031","29,264","11,740,038","11,072,694",,
1074,1085,1995,"2,491,106","4,807,086","255,628","1,667,662","2,063,001","3,829,146","1,164,960","9,622,736","1,527,464","1,605,959","2,312,892","1,579,389","664,800","1,151,581","672,929","6,690,845","219,225","1,632,508","2,679,984","19,799,590",,"19,299","181,956","20,246,619","356,657","21,177,007","20,941,168","191,766","21,424,780","21,149,472",,
1086,1097,1996,"2,507,554","4,167,639","183,413","1,171,286","1,424,712","2,410,873","455,032","7,085,270","1,555,280","1,666,267","2,247,526","1,706,916","493,839","762,347","587,354","5,877,031","145,686","461,087","894,287","14,065,400",,"10,239","17,089","14,406,707","118,855","14,671,703","14,551,297","19,640","14,752,698","14,487,944",,
1098,1109,1997,"2,908,217","4,993,632","201,910","1,488,091","1,859,414","3,348,605","1,241,315","9,619,290","1,927,467","2,065,925","2,883,684","1,957,795","718,013","1,149,674","738,271","7,835,207","201,696","1,538,451","2,859,400","21,149,651",,"28,489","65,586","21,545,086","152,667","21,882,689","21,792,068","14,387","22,002,232","21,568,502",,
1110,1121,1998,"1,959,082","3,712,225","124,289","954,579","1,201,939","2,446,851","884,714","7,238,458","1,537,314","1,641,908","2,453,373","1,687,262","587,322","1,266,873","829,799","7,422,432","194,906","975,412","1,716,873","16,967,544",,"19,836","130,728","17,348,126","273,854","18,145,783","17,955,771","21,966","18,240,558","17,818,544",,
1122,1133,1999,"2,076,743","3,453,269","158,176","1,090,033","1,326,839","2,242,019","820,432","6,569,883","1,766,791","1,915,435","2,648,853","1,209,859","614,716","1,082,462","602,957","6,507,878","174,584","1,401,337","2,534,918","16,432,765",,"22,293","108,391","16,720,561","139,033","17,055,179","16,868,622","24,550","17,129,089","16,786,526",,
1134,1145,2000,"1,841,910","3,042,932","119,644","808,832","1,024,312","1,795,032","557,548","5,384,156","952,198","985,358","1,346,444","1,071,232","359,555","529,255","454,379","3,910,882","102,738","494,167","1,039,828","10,561,407",,"8,374","10,236","10,976,243","106,849","10,976,812","10,959,707","17,489","11,046,670","10,831,639",,
1146,1157,2001,"1,592,335","2,736,476","110,915","819,535","987,254","1,773,677","554,798","4,936,883","679,665","719,196","1,141,381","858,089","332,111","659,295","428,977","3,773,782","111,083","1,093,012","1,780,236","11,039,634",,"19,713","82,911","11,495,848","108,093","11,614,671","11,428,923","22,219","11,726,119","11,495,402",,
1158,1169,2002,"894,755","1,622,467","65,080","379,727","497,534","1,011,012","223,766","2,766,990","715,905","750,480","962,302","513,357","171,482","391,776","286,464","2,513,667","75,415","170,333","509,127","5,933,609",,"8,067","74,526","6,236,560","74,273","6,230,246","6,129,253","20,700","6,251,839","6,027,722",,
1170,1181,2003,"1,972,020","3,097,013","109,097","678,563","842,098","1,509,405","444,806","5,021,497","807,983","823,413","1,137,127","1,132,594","339,628","494,229","446,722","3,747,104","102,504","558,517","1,106,072","10,531,406",,"11,674","40,905","10,848,578","84,215","11,003,664","10,907,266","15,044","11,104,385","10,856,058",,
1182,1193,2004,"1,296,720","2,239,413","99,642","672,009","840,903","1,491,773","551,067","4,296,553","903,808","928,674","1,283,997","803,460","240,682","446,439","343,403","3,213,608","94,246","861,145","1,430,418","9,593,965",,"12,664","52,966","9,987,381","81,908","10,034,210","9,938,281","11,957","10,076,593","9,801,644",,
1194,1205,2005,"1,917,613","3,478,433","122,345","867,057","1,059,045","2,383,298","1,071,566","6,948,911","1,324,352","1,394,664","1,994,080","1,315,940","451,675","1,227,925","534,089","6,263,964","194,636","1,669,056","2,854,782","16,892,373",,"33,491","284,956","17,541,224","597,133","18,756,329","18,646,346","557,903","19,341,261","19,145,843",,
1206,1217,2006,"2,055,741","3,496,708","118,486","871,348","1,087,776","1,922,362","504,737","5,717,142","1,012,458","1,072,000","1,356,798","1,242,684","329,660","800,066","551,791","4,621,158","209,822","737,687","1,336,792","12,613,809",,"14,779","78,376","12,983,245","168,642","13,024,798","12,945,192","53,726","13,076,721","12,772,904",,
1218,1229,2007,"1,859,322","3,066,044","133,449","871,816","1,107,573","2,098,402","774,460","5,669,919","720,670","767,348","1,136,604","936,481","313,292","488,308","434,019","3,706,627","163,701","1,164,007","2,032,326","12,556,011",,"24,111","110,834","13,035,966","96,515","13,041,384","12,944,170","24,965","13,086,792","12,827,297",,
1230,1241,2008,"2,545,406","4,440,820","184,412","1,317,768","1,662,430","2,976,956","953,625","8,277,815","956,703","1,004,811","1,412,548","1,640,874","617,593","560,899","557,930","4,961,172","140,734","1,464,673","2,344,377","16,210,962",,"15,758","206,209","16,700,653","114,858","16,912,835","16,778,631","28,822","16,936,581","16,692,495",,
1242,1253,2009,"2,501,931","4,098,389","153,349","1,062,048","1,325,917","2,341,662","629,861","7,054,704","1,433,920","1,496,744","1,910,311","1,451,814","650,544","618,899","545,342","5,369,314","133,880","927,062","1,546,409","14,266,330",,"10,198","54,142","14,723,753","90,556","14,736,763","14,601,612","36,125","14,818,369","14,598,612",,
1254,1265,2010,"2,047,398","3,316,636","120,847","769,220","958,812","1,858,207","701,159","5,718,863","910,306","937,205","1,366,986","1,177,357","585,173","559,950","455,219","4,459,067","124,392","916,389","1,524,179","12,318,773",,"17,747","207,488","12,834,865","150,110","13,033,858","12,815,222","80,829","13,131,776","12,873,649",,
1266,1277,2011,"3,521,671","5,552,541","179,811","1,211,349","1,493,397","2,816,336","842,388","8,999,207","1,750,911","1,837,257","2,815,976","2,389,643","1,075,912","1,410,068","852,763","9,095,459","310,812","784,714","1,339,661","20,158,868",,"22,866","48,720","20,546,966","397,062","21,083,339","20,916,781","27,771","21,180,057","20,891,177",,
1278,1289,2012,"1,257,761","2,063,070","80,108","480,370","601,717","1,213,453","544,955","3,734,087","907,151","947,544","1,372,857","736,580","273,173","544,036","342,073","3,384,892","130,588","619,526","1,005,356","8,499,849",,"15,328","58,417","8,872,103","120,976","9,142,972","8,919,262","24,210","9,208,013","8,938,460",,
1290,1301,2013,"1,684,747","2,499,451","96,666","603,964","753,591","1,303,040","431,038","4,225,579","674,300","731,181","999,101","793,237","209,834","484,942","344,143","3,006,639","145,181","644,442","1,196,696","9,114,932",,"24,800","120,313","9,617,439","119,052","9,884,002","9,679,788","16,515","9,926,483","9,689,121",,
1302,1313,2014,"2,805,866","4,230,052","161,588","1,176,009","1,422,249","2,232,965","631,625","6,919,967","1,556,687","1,593,895","2,026,761","1,408,544","433,996","490,172","532,913","4,862,409","134,436","807,000","1,392,371","13,982,281",,"22,166","32,943","14,326,923","107,814","14,549,756","14,364,532","15,007","14,534,317","14,320,958",,
1314,1325,2015,"2,292,377","3,595,241","166,489","1,074,270","1,267,707","2,049,365","676,273","6,392,034","1,320,850","1,390,213","1,931,104","1,132,915","338,423","494,049","521,454","4,650,693","118,429","1,015,114","1,885,161","13,411,497",,"20,947","81,019","13,812,233","89,275","13,976,141","13,787,454","14,872","13,965,298","13,775,904",,
1326,1337,2016,"2,101,271","3,338,722","124,847","925,235","1,126,546","2,149,149","782,406","6,326,141","1,101,252","1,144,275","1,878,793","1,323,995","510,397","604,100","511,966","5,070,231","113,822","944,989","1,614,675","13,439,430",,"20,899","49,898","13,846,037","117,348","14,099,551","13,858,180","14,972","14,083,493","13,872,340",,
1338,1349,2017,"2,162,486","3,351,898","179,448","1,292,555","1,505,211","2,717,626","890,667","6,777,791","2,561,509","2,584,124","3,684,823","1,117,620","391,666","1,123,114","435,867","7,101,006","209,747","1,254,720","1,977,402","16,396,512",,"17,184","130,268","16,852,330","166,902","17,217,244","16,987,574","21,950","17,209,160","16,961,019",,
1350,1361,2018,"1,513,145","2,293,821","88,225","487,628","588,021","1,168,611","277,764","3,747,729","1,547,353","1,668,267","2,063,702","873,280","234,985","571,549","331,864","4,249,858","98,563","407,111","603,150","8,633,462",,"13,630","41,188","8,992,941","86,687","9,144,276","8,995,297","46,012","9,095,806","8,774,849",,
1362,1373,2019,"2,532,447","4,246,918","191,538","1,391,007","1,663,447","3,049,514","1,145,949","8,512,571","1,220,695","1,264,615","1,983,975","1,490,303","482,130","1,083,288","586,913","5,996,047","259,455","1,470,867","2,412,971","17,672,049",,"22,606","173,567","18,189,409","223,802","18,496,694","18,307,847","15,911","18,480,864","18,234,121",,
1374,1385,2020,"1,761,807","2,694,979","101,695","659,135","754,612","1,429,409","389,852","4,465,495","1,149,899","1,189,551","1,618,474","1,108,270","370,103","654,803","388,961","4,330,575","154,197","522,329","837,029","9,887,593",,"10,565","92,449","10,268,432","138,676","10,532,833","10,436,994","82,901","10,533,695","10,202,316",,
1386,1397,,,,,,,,,,,,,,,,,,,,,,,,,,,,,,,,,
1398,1409,1906-2020 average," 2,118,857 "," 3,558,807 "," 151,579 "," 1,082,880 "," 1,290,532 "," 2,317,325 "," 801,318 "," 6,732,561 "," 1,320,778 "," 1,407,533 "," 1,972,507 "," 1,231,445 "," 464,172 "," 786,020 "," 564,614 "," 5,356,585 "," 181,311 "," 1,160,927 "," 2,074,507 "," 14,737,285 ",," 20,776 "," 169,604 "," 15,106,414 "," 169,817 "," 15,563,053 "," 15,620,051 "," 93,019 "," 15,657,135 "," 15,371,106 ",,
1410,1421,,,,,,,,,,,,,,,,,,,,,,,,,,,,,,,,,
1422,1433,Diff 2019 NF,"-2,970","-7,416",-438,"-3,717","-4,701","-7,789","-3,609","-19,725","-1,499","-1,912","-5,025","-1,080",-825,"-1,151","-1,541","-10,919",-238,"-5,643","-7,793","-41,929",,-90,-333,"-41,622",-558,"-57,453","-180,904",175,"-181,373","-277,750",,
1434,1445,% Diff 2019 NF,0%,0%,0%,0%,0%,0%,0%,0%,0%,0%,0%,0%,0%,0%,0%,0%,0%,0%,0%,0%,,0%,0%,0%,0%,0%,-1%,0%,-1%,-2%,,
1446,1457,,,,,,,,,,,,,,,,,,,,,,,,,,,,,,,,,
1458,1469,,,,,,,,,,,,,,,,,,,,,,,,,,,,,,,,,
1470,1481,,,,,,,,,,,,,,,,,,,,,,,,,,,,,,,,,
1482,1493,,,,,,,,,,,,,,,,,,,,,,,,,,,,,,,,,
1494,1505,,,,,,,,,,,,,,,,,,,,,,,,,,,,,,,,,
1506,1517,,,,,,,,,,,,,,,,,,,,,,,,,,,,,,,,,
1518,1529,,,,,,,,,,,,,,,,,,,,,,,,,,,,,,,,,
,,,,,,,,,,,,,,,,,,,,,,,,,,,,,,,,,,
,,,,,,,,,,,,,,,,,,,,,,,,,,,,,,,,,,
,,,,,,,,,,,,,,,,,,,,,,,,,,,,,,,,,,
,,,,,,,,,,,,,,,,,,,,,,,,,,,,,,,,,,
,,,,,,,,,,,,,,,,,,,,,,,,,,,,,,,,,,
,,,,,,,,,,,,,,,,,,,,,,,,,,,,,,,,,,
,,,,,,,,,,,,,,,,,,,,,,,,,,,,,,,,,,
,,,,,,,,,,,,,,,,,,,,,,,,,,,,,,,,,,
,,,,,,,,,,,,,,,,,,,,,,,,,,,,,,,,,,
,,,,,,,,,,,,,,,,,,,,,,,,,,,,,,,,,,
,,,,,,,,,,,,,,,,,,,,,,,,,,,,,,,,,,
,,,,,,,,,,,,,,,,,,,,,,,,,,,,,,,,,,
,,,,,,,,,,,,,,,,,,,,,,,,,,,,,,,,,,
,,,,,,,,,,,,,,,,,,,,,,,,,,,,,,,,,,
,,,,,,,,,,,,,,,,,,,,,,,,,,,,,,,,,,
,,,,,,,,,,,,,,,,,,,,,,,,,,,,,,,,,,
,,,,,,,,,,,,,,,,,,,,,,,,,,,,,,,,,,
,,,,,,,,,,,,,,,,,,,,,,,,,,,,,,,,,,
,,,,,,,,,,,,,,,,,,,,,,,,,,,,,,,,,,
,,,,,,,,,,,,,,,,,,,,,,,,,,,,,,,,,,
,,,,,,,,,,,,,,,,,,,,,,,,,,,,,,,,,,
,,,,,,,,,,,,,,,,,,,,,,,,,,,,,,,,,,
,,,,,,,,,,,,,,,,,,,,,,,,,,,,,,,,,,
,,,,,,,,,,,,,,,,,,,,,,,,,,,,,,,,,,
,,,,,,,,,,,,,,,,,,,,,,,,,,,,,,,,,,
,,,,,,,,,,,,,,,,,,,,,,,,,,,,,,,,,,
,,,,,,,,,,,,,,,,,,,,,,,,,,,,,,,,,,
,,,,,,,,,,,,,,,,,,,,,,,,,,,,,,,,,,
,,,,,,,,,,,,,,,,,,,,,,,,,,,,,,,,,,
,,,,,,,,,,,,,,,,,,,,,,,,,,,,,,,,,,
,,,,,,,,,,,,,,,,,,,,,,,,,,,,,,,,,,
,,,,,,,,,,,,,,,,,,,,,,,,,,,,,,,,,,
,,,,,,,,,,,,,,,,,,,,,,,,,,,,,,,,,,
,,,,,,,,,,,,,,,,,,,,,,,,,,,,,,,,,,
,,,,,,,,,,,,,,,,,,,,,,,,,,,,,,,,,,
,,,,,,,,,,,,,,,,,,,,,,,,,,,,,,,,,,
,,,,,,,,,,,,,,,,,,,,,,,,,,,,,,,,,,
,,,,,,,,,,,,,,,,,,,,,,,,,,,,,,,,,,
,,,,,,,,,,,,,,,,,,,,,,,,,,,,,,,,,,
,,,,,,,,,,,,,,,,,,,,,,,,,,,,,,,,,,
,,,,,,,,,,,,,,,,,,,,,,,,,,,,,,,,,,
,,,,,,,,,,,,,,,,,,,,,,,,,,,,,,,,,,
,,,,,,,,,,,,,,,,,,,,,,,,,,,,,,,,,,
,,,,,,,,,,,,,,,,,,,,,,,,,,,,,,,,,,
,,,,,,,,,,,,,,,,,,,,,,,,,,,,,,,,,,
,,,,,,,,,,,,,,,,,,,,,,,,,,,,,,,,,,
,,,,,,,,,,,,,,,,,,,,,,,,,,,,,,,,,,
,,,,,,,,,,,,,,,,,,,,,,,,,,,,,,,,,,
,,,,,,,,,,,,,,,,,,,,,,,,,,,,,,,,,,
,,,,,,,,,,,,,,,,,,,,,,,,,,,,,,,,,,
,,,,,,,,,,,,,,,,,,,,,,,,,,,,,,,,,,
,,,,,,,,,,,,,,,,,,,,,,,,,,,,,,,,,,
,,,,,,,,,,,,,,,,,,,,,,,,,,,,,,,,,,
,,,,,,,,,,,,,,,,,,,,,,,,,,,,,,,,,,
,,,,,,,,,,,,,,,,,,,,,,,,,,,,,,,,,,
,,,,,,,,,,,,,,,,,,,,,,,,,,,,,,,,,,
,,,,,,,,,,,,,,,,,,,,,,,,,,,,,,,,,,
,,,,,,,,,,,,,,,,,,,,,,,,,,,,,,,,,,
,,,,,,,,,,,,,,,,,,,,,,,,,,,,,,,,,,
,,,,,,,,,,,,,,,,,,,,,,,,,,,,,,,,,,
,,,,,,,,,,,,,,,,,,,,,,,,,,,,,,,,,,
,,,,,,,,,,,,,,,,,,,,,,,,,,,,,,,,,,
,,,,,,,,,,,,,,,,,,,,,,,,,,,,,,,,,,
,,,,,,,,,,,,,,,,,,,,,,,,,,,,,,,,,,
,,,,,,,,,,,,,,,,,,,,,,,,,,,,,,,,,,
,,,,,,,,,,,,,,,,,,,,,,,,,,,,,,,,,,
,,,,,,,,,,,,,,,,,,,,,,,,,,,,,,,,,,
,,,,,,,,,,,,,,,,,,,,,,,,,,,,,,,,,,
,,,,,,,,,,,,,,,,,,,,,,,,,,,,,,,,,,
,,,,,,,,,,,,,,,,,,,,,,,,,,,,,,,,,,
,,,,,,,,,,,,,,,,,,,,,,,,,,,,,,,,,,
,,,,,,,,,,,,,,,,,,,,,,,,,,,,,,,,,,
,,,,,,,,,,,,,,,,,,,,,,,,,,,,,,,,,,
,,,,,,,,,,,,,,,,,,,,,,,,,,,,,,,,,,
,,,,,,,,,,,,,,,,,,,,,,,,,,,,,,,,,,
,,,,,,,,,,,,,,,,,,,,,,,,,,,,,,,,,,
,,,,,,,,,,,,,,,,,,,,,,,,,,,,,,,,,,
,,,,,,,,,,,,,,,,,,,,,,,,,,,,,,,,,,
,,,,,,,,,,,,,,,,,,,,,,,,,,,,,,,,,,
,,,,,,,,,,,,,,,,,,,,,,,,,,,,,,,,,,
,,,,,,,,,,,,,,,,,,,,,,,,,,,,,,,,,,
,,,,,,,,,,,,,,,,,,,,,,,,,,,,,,,,,,
,,,,,,,,,,,,,,,,,,,,,,,,,,,,,,,,,,
,,,,,,,,,,,,,,,,,,,,,,,,,,,,,,,,,,
,,,,,,,,,,,,,,,,,,,,,,,,,,,,,,,,,,
,,,,,,,,,,,,,,,,,,,,,,,,,,,,,,,,,,
,,,,,,,,,,,,,,,,,,,,,,,,,,,,,,,,,,
,,,,,,,,,,,,,,,,,,,,,,,,,,,,,,,,,,
,,,,,,,,,,,,,,,,,,,,,,,,,,,,,,,,,,
,,,,,,,,,,,,,,,,,,,,,,,,,,,,,,,,,,
,,,,,,,,,,,,,,,,,,,,,,,,,,,,,,,,,,
,,,,,,,,,,,,,,,,,,,,,,,,,,,,,,,,,,
,,,,,,,,,,,,,,,,,,,,,,,,,,,,,,,,,,
,,,,,,,,,,,,,,,,,,,,,,,,,,,,,,,,,,
,,,,,,,,,,,,,,,,,,,,,,,,,,,,,,,,,,
,,,,,,,,,,,,,,,,,,,,,,,,,,,,,,,,,,
,,,,,,,,,,,,,,,,,,,,,,,,,,,,,,,,,,
,,,,,,,,,,,,,,,,,,,,,,,,,,,,,,,,,,
,,,,,,,,,,,,,,,,,,,,,,,,,,,,,,,,,,
,,,,,,,,,,,,,,,,,,,,,,,,,,,,,,,,,,
,,,,,,,,,,,,,,,,,,,,,,,,,,,,,,,,,,
,,,,,,,,,,,,,,,,,,,,,,,,,,,,,,,,,,
,,,,,,,,,,,,,,,,,,,,,,,,,,,,,,,,,,
,,,,,,,,,,,,,,,,,,,,,,,,,,,,,,,,,,
,,,,,,,,,,,,,,,,,,,,,,,,,,,,,,,,,,
,,,,,,,,,,,,,,,,,,,,,,,,,,,,,,,,,,
,,,,,,,,,,,,,,,,,,,,,,,,,,,,,,,,,,
,,,,,,,,,,,,,,,,,,,,,,,,,,,,,,,,,,
,,,,,,,,,,,,,,,,,,,,,,,,,,,,,,,,,,
,,,,,,,,,,,,,,,,,,,,,,,,,,,,,,,,,,
,,,,,,,,,,,,,,,,,,,,,,,,,,,,,,,,,,
,,,,,,,,,,,,,,,,,,,,,,,,,,,,,,,,,,
,,,,,,,,,,,,,,,,,,,,,,,,,,,,,,,,,,
,,,,,,,,,,,,,,,,,,,,,,,,,,,,,,,,,,
,,,,,,,,,,,,,,,,,,,,,,,,,,,,,,,,,,
,,,,,,,,,,,,,,,,,,,,,,,,,,,,,,,,,,
,,,,,,,,,,,,,,,,,,,,,,,,,,,,,,,,,,
,,,,,,,,,,,,,,,,,,,,,,,,,,,,,,,,,,
,,,,,,,,,,,,,,,,,,,,,,,,,,,,,,,,,,
,,,,,,,,,,,,,,,,,,,,,,,,,,,,,,,,,,
,,,,,,,,,,,,,,,,,,,,,,,,,,,,,,,,,,
,,,,,,,,,,,,,,,,,,,,,,,,,,,,,,,,,,
,,,,,,,,,,,,,,,,,,,,,,,,,,,,,,,,,,
,,,,,,,,,,,,,,,,,,,,,,,,,,,,,,,,,,
,,,,,,,,,,,,,,,,,,,,,,,,,,,,,,,,,,
,,,,,,,,,,,,,,,,,,,,,,,,,,,,,,,,,,
,,,,,,,,,,,,,,,,,,,,,,,,,,,,,,,,,,
,,,,,,,,,,,,,,,,,,,,,,,,,,,,,,,,,,
,,,,,,,,,,,,,,,,,,,,,,,,,,,,,,,,,,
,,,,,,,,,,,,,,,,,,,,,,,,,,,,,,,,,,
,,,,,,,,,,,,,,,,,,,,,,,,,,,,,,,,,,
,,,,,,,,,,,,,,,,,,,,,,,,,,,,,,,,,,
,,,,,,,,,,,,,,,,,,,,,,,,,,,,,,,,,,
,,,,,,,,,,,,,,,,,,,,,,,,,,,,,,,,,,
,,,,,,,,,,,,,,,,,,,,,,,,,,,,,,,,,,
,,,,,,,,,,,,,,,,,,,,,,,,,,,,,,,,,,
,,,,,,,,,,,,,,,,,,,,,,,,,,,,,,,,,,
,,,,,,,,,,,,,,,,,,,,,,,,,,,,,,,,,,
,,,,,,,,,,,,,,,,,,,,,,,,,,,,,,,,,,
,,,,,,,,,,,,,,,,,,,,,,,,,,,,,,,,,,
,,,,,,,,,,,,,,,,,,,,,,,,,,,,,,,,,,
,,,,,,,,,,,,,,,,,,,,,,,,,,,,,,,,,,
,,,,,,,,,,,,,,,,,,,,,,,,,,,,,,,,,,
,,,,,,,,,,,,,,,,,,,,,,,,,,,,,,,,,,
,,,,,,,,,,,,,,,,,,,,,,,,,,,,,,,,,,
,,,,,,,,,,,,,,,,,,,,,,,,,,,,,,,,,,
,,,,,,,,,,,,,,,,,,,,,,,,,,,,,,,,,,
,,,,,,,,,,,,,,,,,,,,,,,,,,,,,,,,,,
,,,,,,,,,,,,,,,,,,,,,,,,,,,,,,,,,,
,,,,,,,,,,,,,,,,,,,,,,,,,,,,,,,,,,
,,,,,,,,,,,,,,,,,,,,,,,,,,,,,,,,,,
,,,,,,,,,,,,,,,,,,,,,,,,,,,,,,,,,,
,,,,,,,,,,,,,,,,,,,,,,,,,,,,,,,,,,
,,,,,,,,,,,,,,,,,,,,,,,,,,,,,,,,,,
,,,,,,,,,,,,,,,,,,,,,,,,,,,,,,,,,,
,,,,,,,,,,,,,,,,,,,,,,,,,,,,,,,,,,
,,,,,,,,,,,,,,,,,,,,,,,,,,,,,,,,,,
,,,,,,,,,,,,,,,,,,,,,,,,,,,,,,,,,,
,,,,,,,,,,,,,,,,,,,,,,,,,,,,,,,,,,
,,,,,,,,,,,,,,,,,,,,,,,,,,,,,,,,,,
,,,,,,,,,,,,,,,,,,,,,,,,,,,,,,,,,,
,,,,,,,,,,,,,,,,,,,,,,,,,,,,,,,,,,
,,,,,,,,,,,,,,,,,,,,,,,,,,,,,,,,,,
,,,,,,,,,,,,,,,,,,,,,,,,,,,,,,,,,,
,,,,,,,,,,,,,,,,,,,,,,,,,,,,,,,,,,
,,,,,,,,,,,,,,,,,,,,,,,,,,,,,,,,,,
,,,,,,,,,,,,,,,,,,,,,,,,,,,,,,,,,,
,,,,,,,,,,,,,,,,,,,,,,,,,,,,,,,,,,
,,,,,,,,,,,,,,,,,,,,,,,,,,,,,,,,,,
,,,,,,,,,,,,,,,,,,,,,,,,,,,,,,,,,,
,,,,,,,,,,,,,,,,,,,,,,,,,,,,,,,,,,
,,,,,,,,,,,,,,,,,,,,,,,,,,,,,,,,,,
,,,,,,,,,,,,,,,,,,,,,,,,,,,,,,,,,,
,,,,,,,,,,,,,,,,,,,,,,,,,,,,,,,,,,
,,,,,,,,,,,,,,,,,,,,,,,,,,,,,,,,,,
,,,,,,,,,,,,,,,,,,,,,,,,,,,,,,,,,,
,,,,,,,,,,,,,,,,,,,,,,,,,,,,,,,,,,
,,,,,,,,,,,,,,,,,,,,,,,,,,,,,,,,,,
,,,,,,,,,,,,,,,,,,,,,,,,,,,,,,,,,,
,,,,,,,,,,,,,,,,,,,,,,,,,,,,,,,,,,
,,,,,,,,,,,,,,,,,,,,,,,,,,,,,,,,,,
,,,,,,,,,,,,,,,,,,,,,,,,,,,,,,,,,,
,,,,,,,,,,,,,,,,,,,,,,,,,,,,,,,,,,
,,,,,,,,,,,,,,,,,,,,,,,,,,,,,,,,,,
,,,,,,,,,,,,,,,,,,,,,,,,,,,,,,,,,,
,,,,,,,,,,,,,,,,,,,,,,,,,,,,,,,,,,
,,,,,,,,,,,,,,,,,,,,,,,,,,,,,,,,,,
,,,,,,,,,,,,,,,,,,,,,,,,,,,,,,,,,,
,,,,,,,,,,,,,,,,,,,,,,,,,,,,,,,,,,
,,,,,,,,,,,,,,,,,,,,,,,,,,,,,,,,,,
,,,,,,,,,,,,,,,,,,,,,,,,,,,,,,,,,,
,,,,,,,,,,,,,,,,,,,,,,,,,,,,,,,,,,
,,,,,,,,,,,,,,,,,,,,,,,,,,,,,,,,,,
,,,,,,,,,,,,,,,,,,,,,,,,,,,,,,,,,,
,,,,,,,,,,,,,,,,,,,,,,,,,,,,,,,,,,
,,,,,,,,,,,,,,,,,,,,,,,,,,,,,,,,,,
,,,,,,,,,,,,,,,,,,,,,,,,,,,,,,,,,,
,,,,,,,,,,,,,,,,,,,,,,,,,,,,,,,,,,
,,,,,,,,,,,,,,,,,,,,,,,,,,,,,,,,,,
,,,,,,,,,,,,,,,,,,,,,,,,,,,,,,,,,,
,,,,,,,,,,,,,,,,,,,,,,,,,,,,,,,,,,
,,,,,,,,,,,,,,,,,,,,,,,,,,,,,,,,,,
,,,,,,,,,,,,,,,,,,,,,,,,,,,,,,,,,,
,,,,,,,,,,,,,,,,,,,,,,,,,,,,,,,,,,
,,,,,,,,,,,,,,,,,,,,,,,,,,,,,,,,,,
,,,,,,,,,,,,,,,,,,,,,,,,,,,,,,,,,,
,,,,,,,,,,,,,,,,,,,,,,,,,,,,,,,,,,
,,,,,,,,,,,,,,,,,,,,,,,,,,,,,,,,,,
,,,,,,,,,,,,,,,,,,,,,,,,,,,,,,,,,,
,,,,,,,,,,,,,,,,,,,,,,,,,,,,,,,,,,
,,,,,,,,,,,,,,,,,,,,,,,,,,,,,,,,,,
,,,,,,,,,,,,,,,,,,,,,,,,,,,,,,,,,,
,,,,,,,,,,,,,,,,,,,,,,,,,,,,,,,,,,
,,,,,,,,,,,,,,,,,,,,,,,,,,,,,,,,,,
,,,,,,,,,,,,,,,,,,,,,,,,,,,,,,,,,,
,,,,,,,,,,,,,,,,,,,,,,,,,,,,,,,,,,
,,,,,,,,,,,,,,,,,,,,,,,,,,,,,,,,,,
,,,,,,,,,,,,,,,,,,,,,,,,,,,,,,,,,,
,,,,,,,,,,,,,,,,,,,,,,,,,,,,,,,,,,
,,,,,,,,,,,,,,,,,,,,,,,,,,,,,,,,,,
,,,,,,,,,,,,,,,,,,,,,,,,,,,,,,,,,,
,,,,,,,,,,,,,,,,,,,,,,,,,,,,,,,,,,
,,,,,,,,,,,,,,,,,,,,,,,,,,,,,,,,,,
,,,,,,,,,,,,,,,,,,,,,,,,,,,,,,,,,,
,,,,,,,,,,,,,,,,,,,,,,,,,,,,,,,,,,
,,,,,,,,,,,,,,,,,,,,,,,,,,,,,,,,,,
,,,,,,,,,,,,,,,,,,,,,,,,,,,,,,,,,,
,,,,,,,,,,,,,,,,,,,,,,,,,,,,,,,,,,
,,,,,,,,,,,,,,,,,,,,,,,,,,,,,,,,,,
,,,,,,,,,,,,,,,,,,,,,,,,,,,,,,,,,,
,,,,,,,,,,,,,,,,,,,,,,,,,,,,,,,,,,
,,,,,,,,,,,,,,,,,,,,,,,,,,,,,,,,,,
,,,,,,,,,,,,,,,,,,,,,,,,,,,,,,,,,,
,,,,,,,,,,,,,,,,,,,,,,,,,,,,,,,,,,
,,,,,,,,,,,,,,,,,,,,,,,,,,,,,,,,,,
,,,,,,,,,,,,,,,,,,,,,,,,,,,,,,,,,,
,,,,,,,,,,,,,,,,,,,,,,,,,,,,,,,,,,
,,,,,,,,,,,,,,,,,,,,,,,,,,,,,,,,,,
,,,,,,,,,,,,,,,,,,,,,,,,,,,,,,,,,,
,,,,,,,,,,,,,,,,,,,,,,,,,,,,,,,,,,
,,,,,,,,,,,,,,,,,,,,,,,,,,,,,,,,,,
,,,,,,,,,,,,,,,,,,,,,,,,,,,,,,,,,,
,,,,,,,,,,,,,,,,,,,,,,,,,,,,,,,,,,
,,,,,,,,,,,,,,,,,,,,,,,,,,,,,,,,,,
,,,,,,,,,,,,,,,,,,,,,,,,,,,,,,,,,,
,,,,,,,,,,,,,,,,,,,,,,,,,,,,,,,,,,
,,,,,,,,,,,,,,,,,,,,,,,,,,,,,,,,,,
,,,,,,,,,,,,,,,,,,,,,,,,,,,,,,,,,,
,,,,,,,,,,,,,,,,,,,,,,,,,,,,,,,,,,
,,,,,,,,,,,,,,,,,,,,,,,,,,,,,,,,,,
,,,,,,,,,,,,,,,,,,,,,,,,,,,,,,,,,,
,,,,,,,,,,,,,,,,,,,,,,,,,,,,,,,,,,
,,,,,,,,,,,,,,,,,,,,,,,,,,,,,,,,,,
,,,,,,,,,,,,,,,,,,,,,,,,,,,,,,,,,,
,,,,,,,,,,,,,,,,,,,,,,,,,,,,,,,,,,
,,,,,,,,,,,,,,,,,,,,,,,,,,,,,,,,,,
,,,,,,,,,,,,,,,,,,,,,,,,,,,,,,,,,,
,,,,,,,,,,,,,,,,,,,,,,,,,,,,,,,,,,
,,,,,,,,,,,,,,,,,,,,,,,,,,,,,,,,,,
,,,,,,,,,,,,,,,,,,,,,,,,,,,,,,,,,,
,,,,,,,,,,,,,,,,,,,,,,,,,,,,,,,,,,
,,,,,,,,,,,,,,,,,,,,,,,,,,,,,,,,,,
,,,,,,,,,,,,,,,,,,,,,,,,,,,,,,,,,,
,,,,,,,,,,,,,,,,,,,,,,,,,,,,,,,,,,
,,,,,,,,,,,,,,,,,,,,,,,,,,,,,,,,,,
,,,,,,,,,,,,,,,,,,,,,,,,,,,,,,,,,,
,,,,,,,,,,,,,,,,,,,,,,,,,,,,,,,,,,
,,,,,,,,,,,,,,,,,,,,,,,,,,,,,,,,,,
,,,,,,,,,,,,,,,,,,,,,,,,,,,,,,,,,,
,,,,,,,,,,,,,,,,,,,,,,,,,,,,,,,,,,
,,,,,,,,,,,,,,,,,,,,,,,,,,,,,,,,,,
,,,,,,,,,,,,,,,,,,,,,,,,,,,,,,,,,,
,,,,,,,,,,,,,,,,,,,,,,,,,,,,,,,,,,
,,,,,,,,,,,,,,,,,,,,,,,,,,,,,,,,,,
,,,,,,,,,,,,,,,,,,,,,,,,,,,,,,,,,,
,,,,,,,,,,,,,,,,,,,,,,,,,,,,,,,,,,
,,,,,,,,,,,,,,,,,,,,,,,,,,,,,,,,,,
,,,,,,,,,,,,,,,,,,,,,,,,,,,,,,,,,,
,,,,,,,,,,,,,,,,,,,,,,,,,,,,,,,,,,
,,,,,,,,,,,,,,,,,,,,,,,,,,,,,,,,,,
,,,,,,,,,,,,,,,,,,,,,,,,,,,,,,,,,,
,,,,,,,,,,,,,,,,,,,,,,,,,,,,,,,,,,
,,,,,,,,,,,,,,,,,,,,,,,,,,,,,,,,,,
,,,,,,,,,,,,,,,,,,,,,,,,,,,,,,,,,,
,,,,,,,,,,,,,,,,,,,,,,,,,,,,,,,,,,
,,,,,,,,,,,,,,,,,,,,,,,,,,,,,,,,,,
,,,,,,,,,,,,,,,,,,,,,,,,,,,,,,,,,,
,,,,,,,,,,,,,,,,,,,,,,,,,,,,,,,,,,
,,,,,,,,,,,,,,,,,,,,,,,,,,,,,,,,,,
,,,,,,,,,,,,,,,,,,,,,,,,,,,,,,,,,,
,,,,,,,,,,,,,,,,,,,,,,,,,,,,,,,,,,
,,,,,,,,,,,,,,,,,,,,,,,,,,,,,,,,,,
,,,,,,,,,,,,,,,,,,,,,,,,,,,,,,,,,,
,,,,,,,,,,,,,,,,,,,,,,,,,,,,,,,,,,
,,,,,,,,,,,,,,,,,,,,,,,,,,,,,,,,,,
,,,,,,,,,,,,,,,,,,,,,,,,,,,,,,,,,,
,,,,,,,,,,,,,,,,,,,,,,,,,,,,,,,,,,
,,,,,,,,,,,,,,,,,,,,,,,,,,,,,,,,,,
,,,,,,,,,,,,,,,,,,,,,,,,,,,,,,,,,,
,,,,,,,,,,,,,,,,,,,,,,,,,,,,,,,,,,
,,,,,,,,,,,,,,,,,,,,,,,,,,,,,,,,,,
,,,,,,,,,,,,,,,,,,,,,,,,,,,,,,,,,,
,,,,,,,,,,,,,,,,,,,,,,,,,,,,,,,,,,
,,,,,,,,,,,,,,,,,,,,,,,,,,,,,,,,,,
,,,,,,,,,,,,,,,,,,,,,,,,,,,,,,,,,,
,,,,,,,,,,,,,,,,,,,,,,,,,,,,,,,,,,
,,,,,,,,,,,,,,,,,,,,,,,,,,,,,,,,,,
,,,,,,,,,,,,,,,,,,,,,,,,,,,,,,,,,,
,,,,,,,,,,,,,,,,,,,,,,,,,,,,,,,,,,
,,,,,,,,,,,,,,,,,,,,,,,,,,,,,,,,,,
,,,,,,,,,,,,,,,,,,,,,,,,,,,,,,,,,,
,,,,,,,,,,,,,,,,,,,,,,,,,,,,,,,,,,
,,,,,,,,,,,,,,,,,,,,,,,,,,,,,,,,,,
,,,,,,,,,,,,,,,,,,,,,,,,,,,,,,,,,,
,,,,,,,,,,,,,,,,,,,,,,,,,,,,,,,,,,
,,,,,,,,,,,,,,,,,,,,,,,,,,,,,,,,,,
,,,,,,,,,,,,,,,,,,,,,,,,,,,,,,,,,,
,,,,,,,,,,,,,,,,,,,,,,,,,,,,,,,,,,
,,,,,,,,,,,,,,,,,,,,,,,,,,,,,,,,,,
,,,,,,,,,,,,,,,,,,,,,,,,,,,,,,,,,,
,,,,,,,,,,,,,,,,,,,,,,,,,,,,,,,,,,
,,,,,,,,,,,,,,,,,,,,,,,,,,,,,,,,,,
,,,,,,,,,,,,,,,,,,,,,,,,,,,,,,,,,,
,,,,,,,,,,,,,,,,,,,,,,,,,,,,,,,,,,
,,,,,,,,,,,,,,,,,,,,,,,,,,,,,,,,,,
,,,,,,,,,,,,,,,,,,,,,,,,,,,,,,,,,,
,,,,,,,,,,,,,,,,,,,,,,,,,,,,,,,,,,
,,,,,,,,,,,,,,,,,,,,,,,,,,,,,,,,,,
,,,,,,,,,,,,,,,,,,,,,,,,,,,,,,,,,,
,,,,,,,,,,,,,,,,,,,,,,,,,,,,,,,,,,
,,,,,,,,,,,,,,,,,,,,,,,,,,,,,,,,,,
,,,,,,,,,,,,,,,,,,,,,,,,,,,,,,,,,,
,,,,,,,,,,,,,,,,,,,,,,,,,,,,,,,,,,
,,,,,,,,,,,,,,,,,,,,,,,,,,,,,,,,,,
,,,,,,,,,,,,,,,,,,,,,,,,,,,,,,,,,,
,,,,,,,,,,,,,,,,,,,,,,,,,,,,,,,,,,
,,,,,,,,,,,,,,,,,,,,,,,,,,,,,,,,,,
,,,,,,,,,,,,,,,,,,,,,,,,,,,,,,,,,,
,,,,,,,,,,,,,,,,,,,,,,,,,,,,,,,,,,
,,,,,,,,,,,,,,,,,,,,,,,,,,,,,,,,,,
,,,,,,,,,,,,,,,,,,,,,,,,,,,,,,,,,,
,,,,,,,,,,,,,,,,,,,,,,,,,,,,,,,,,,
,,,,,,,,,,,,,,,,,,,,,,,,,,,,,,,,,,
,,,,,,,,,,,,,,,,,,,,,,,,,,,,,,,,,,
,,,,,,,,,,,,,,,,,,,,,,,,,,,,,,,,,,
,,,,,,,,,,,,,,,,,,,,,,,,,,,,,,,,,,
,,,,,,,,,,,,,,,,,,,,,,,,,,,,,,,,,,
,,,,,,,,,,,,,,,,,,,,,,,,,,,,,,,,,,
,,,,,,,,,,,,,,,,,,,,,,,,,,,,,,,,,,
,,,,,,,,,,,,,,,,,,,,,,,,,,,,,,,,,,
,,,,,,,,,,,,,,,,,,,,,,,,,,,,,,,,,,
,,,,,,,,,,,,,,,,,,,,,,,,,,,,,,,,,,
,,,,,,,,,,,,,,,,,,,,,,,,,,,,,,,,,,
,,,,,,,,,,,,,,,,,,,,,,,,,,,,,,,,,,
,,,,,,,,,,,,,,,,,,,,,,,,,,,,,,,,,,
,,,,,,,,,,,,,,,,,,,,,,,,,,,,,,,,,,
,,,,,,,,,,,,,,,,,,,,,,,,,,,,,,,,,,
,,,,,,,,,,,,,,,,,,,,,,,,,,,,,,,,,,
,,,,,,,,,,,,,,,,,,,,,,,,,,,,,,,,,,
,,,,,,,,,,,,,,,,,,,,,,,,,,,,,,,,,,
,,,,,,,,,,,,,,,,,,,,,,,,,,,,,,,,,,
,,,,,,,,,,,,,,,,,,,,,,,,,,,,,,,,,,
,,,,,,,,,,,,,,,,,,,,,,,,,,,,,,,,,,
,,,,,,,,,,,,,,,,,,,,,,,,,,,,,,,,,,
,,,,,,,,,,,,,,,,,,,,,,,,,,,,,,,,,,
,,,,,,,,,,,,,,,,,,,,,,,,,,,,,,,,,,
,,,,,,,,,,,,,,,,,,,,,,,,,,,,,,,,,,
,,,,,,,,,,,,,,,,,,,,,,,,,,,,,,,,,,
,,,,,,,,,,,,,,,,,,,,,,,,,,,,,,,,,,
,,,,,,,,,,,,,,,,,,,,,,,,,,,,,,,,,,
,,,,,,,,,,,,,,,,,,,,,,,,,,,,,,,,,,
,,,,,,,,,,,,,,,,,,,,,,,,,,,,,,,,,,
,,,,,,,,,,,,,,,,,,,,,,,,,,,,,,,,,,
,,,,,,,,,,,,,,,,,,,,,,,,,,,,,,,,,,
,,,,,,,,,,,,,,,,,,,,,,,,,,,,,,,,,,
,,,,,,,,,,,,,,,,,,,,,,,,,,,,,,,,,,
,,,,,,,,,,,,,,,,,,,,,,,,,,,,,,,,,,
,,,,,,,,,,,,,,,,,,,,,,,,,,,,,,,,,,
,,,,,,,,,,,,,,,,,,,,,,,,,,,,,,,,,,
,,,,,,,,,,,,,,,,,,,,,,,,,,,,,,,,,,
,,,,,,,,,,,,,,,,,,,,,,,,,,,,,,,,,,
,,,,,,,,,,,,,,,,,,,,,,,,,,,,,,,,,,
,,,,,,,,,,,,,,,,,,,,,,,,,,,,,,,,,,
,,,,,,,,,,,,,,,,,,,,,,,,,,,,,,,,,,
,,,,,,,,,,,,,,,,,,,,,,,,,,,,,,,,,,
,,,,,,,,,,,,,,,,,,,,,,,,,,,,,,,,,,
,,,,,,,,,,,,,,,,,,,,,,,,,,,,,,,,,,
,,,,,,,,,,,,,,,,,,,,,,,,,,,,,,,,,,
,,,,,,,,,,,,,,,,,,,,,,,,,,,,,,,,,,
,,,,,,,,,,,,,,,,,,,,,,,,,,,,,,,,,,
,,,,,,,,,,,,,,,,,,,,,,,,,,,,,,,,,,
,,,,,,,,,,,,,,,,,,,,,,,,,,,,,,,,,,
,,,,,,,,,,,,,,,,,,,,,,,,,,,,,,,,,,
,,,,,,,,,,,,,,,,,,,,,,,,,,,,,,,,,,
,,,,,,,,,,,,,,,,,,,,,,,,,,,,,,,,,,
,,,,,,,,,,,,,,,,,,,,,,,,,,,,,,,,,,
,,,,,,,,,,,,,,,,,,,,,,,,,,,,,,,,,,
,,,,,,,,,,,,,,,,,,,,,,,,,,,,,,,,,,
,,,,,,,,,,,,,,,,,,,,,,,,,,,,,,,,,,
,,,,,,,,,,,,,,,,,,,,,,,,,,,,,,,,,,
,,,,,,,,,,,,,,,,,,,,,,,,,,,,,,,,,,
,,,,,,,,,,,,,,,,,,,,,,,,,,,,,,,,,,
,,,,,,,,,,,,,,,,,,,,,,,,,,,,,,,,,,
,,,,,,,,,,,,,,,,,,,,,,,,,,,,,,,,,,
,,,,,,,,,,,,,,,,,,,,,,,,,,,,,,,,,,
,,,,,,,,,,,,,,,,,,,,,,,,,,,,,,,,,,
,,,,,,,,,,,,,,,,,,,,,,,,,,,,,,,,,,
,,,,,,,,,,,,,,,,,,,,,,,,,,,,,,,,,,
,,,,,,,,,,,,,,,,,,,,,,,,,,,,,,,,,,
,,,,,,,,,,,,,,,,,,,,,,,,,,,,,,,,,,
,,,,,,,,,,,,,,,,,,,,,,,,,,,,,,,,,,
,,,,,,,,,,,,,,,,,,,,,,,,,,,,,,,,,,
,,,,,,,,,,,,,,,,,,,,,,,,,,,,,,,,,,
,,,,,,,,,,,,,,,,,,,,,,,,,,,,,,,,,,
,,,,,,,,,,,,,,,,,,,,,,,,,,,,,,,,,,
,,,,,,,,,,,,,,,,,,,,,,,,,,,,,,,,,,
,,,,,,,,,,,,,,,,,,,,,,,,,,,,,,,,,,
,,,,,,,,,,,,,,,,,,,,,,,,,,,,,,,,,,
,,,,,,,,,,,,,,,,,,,,,,,,,,,,,,,,,,
,,,,,,,,,,,,,,,,,,,,,,,,,,,,,,,,,,
,,,,,,,,,,,,,,,,,,,,,,,,,,,,,,,,,,
,,,,,,,,,,,,,,,,,,,,,,,,,,,,,,,,,,
,,,,,,,,,,,,,,,,,,,,,,,,,,,,,,,,,,
,,,,,,,,,,,,,,,,,,,,,,,,,,,,,,,,,,
,,,,,,,,,,,,,,,,,,,,,,,,,,,,,,,,,,
,,,,,,,,,,,,,,,,,,,,,,,,,,,,,,,,,,
,,,,,,,,,,,,,,,,,,,,,,,,,,,,,,,,,,
,,,,,,,,,,,,,,,,,,,,,,,,,,,,,,,,,,
,,,,,,,,,,,,,,,,,,,,,,,,,,,,,,,,,,
,,,,,,,,,,,,,,,,,,,,,,,,,,,,,,,,,,
,,,,,,,,,,,,,,,,,,,,,,,,,,,,,,,,,,
,,,,,,,,,,,,,,,,,,,,,,,,,,,,,,,,,,
,,,,,,,,,,,,,,,,,,,,,,,,,,,,,,,,,,
,,,,,,,,,,,,,,,,,,,,,,,,,,,,,,,,,,
,,,,,,,,,,,,,,,,,,,,,,,,,,,,,,,,,,
,,,,,,,,,,,,,,,,,,,,,,,,,,,,,,,,,,
,,,,,,,,,,,,,,,,,,,,,,,,,,,,,,,,,,
,,,,,,,,,,,,,,,,,,,,,,,,,,,,,,,,,,
,,,,,,,,,,,,,,,,,,,,,,,,,,,,,,,,,,
,,,,,,,,,,,,,,,,,,,,,,,,,,,,,,,,,,
,,,,,,,,,,,,,,,,,,,,,,,,,,,,,,,,,,
,,,,,,,,,,,,,,,,,,,,,,,,,,,,,,,,,,
,,,,,,,,,,,,,,,,,,,,,,,,,,,,,,,,,,
,,,,,,,,,,,,,,,,,,,,,,,,,,,,,,,,,,
,,,,,,,,,,,,,,,,,,,,,,,,,,,,,,,,,,
,,,,,,,,,,,,,,,,,,,,,,,,,,,,,,,,,,
,,,,,,,,,,,,,,,,,,,,,,,,,,,,,,,,,,
,,,,,,,,,,,,,,,,,,,,,,,,,,,,,,,,,,
,,,,,,,,,,,,,,,,,,,,,,,,,,,,,,,,,,
,,,,,,,,,,,,,,,,,,,,,,,,,,,,,,,,,,
,,,,,,,,,,,,,,,,,,,,,,,,,,,,,,,,,,
,,,,,,,,,,,,,,,,,,,,,,,,,,,,,,,,,,
,,,,,,,,,,,,,,,,,,,,,,,,,,,,,,,,,,
,,,,,,,,,,,,,,,,,,,,,,,,,,,,,,,,,,
,,,,,,,,,,,,,,,,,,,,,,,,,,,,,,,,,,
,,,,,,,,,,,,,,,,,,,,,,,,,,,,,,,,,,
,,,,,,,,,,,,,,,,,,,,,,,,,,,,,,,,,,
,,,,,,,,,,,,,,,,,,,,,,,,,,,,,,,,,,
,,,,,,,,,,,,,,,,,,,,,,,,,,,,,,,,,,
,,,,,,,,,,,,,,,,,,,,,,,,,,,,,,,,,,
,,,,,,,,,,,,,,,,,,,,,,,,,,,,,,,,,,
,,,,,,,,,,,,,,,,,,,,,,,,,,,,,,,,,,
,,,,,,,,,,,,,,,,,,,,,,,,,,,,,,,,,,
,,,,,,,,,,,,,,,,,,,,,,,,,,,,,,,,,,
,,,,,,,,,,,,,,,,,,,,,,,,,,,,,,,,,,
,,,,,,,,,,,,,,,,,,,,,,,,,,,,,,,,,,
,,,,,,,,,,,,,,,,,,,,,,,,,,,,,,,,,,
,,,,,,,,,,,,,,,,,,,,,,,,,,,,,,,,,,
,,,,,,,,,,,,,,,,,,,,,,,,,,,,,,,,,,
,,,,,,,,,,,,,,,,,,,,,,,,,,,,,,,,,,
,,,,,,,,,,,,,,,,,,,,,,,,,,,,,,,,,,
,,,,,,,,,,,,,,,,,,,,,,,,,,,,,,,,,,
,,,,,,,,,,,,,,,,,,,,,,,,,,,,,,,,,,
,,,,,,,,,,,,,,,,,,,,,,,,,,,,,,,,,,
,,,,,,,,,,,,,,,,,,,,,,,,,,,,,,,,,,
,,,,,,,,,,,,,,,,,,,,,,,,,,,,,,,,,,
,,,,,,,,,,,,,,,,,,,,,,,,,,,,,,,,,,
,,,,,,,,,,,,,,,,,,,,,,,,,,,,,,,,,,
,,,,,,,,,,,,,,,,,,,,,,,,,,,,,,,,,,
,,,,,,,,,,,,,,,,,,,,,,,,,,,,,,,,,,
,,,,,,,,,,,,,,,,,,,,,,,,,,,,,,,,,,
,,,,,,,,,,,,,,,,,,,,,,,,,,,,,,,,,,
,,,,,,,,,,,,,,,,,,,,,,,,,,,,,,,,,,
,,,,,,,,,,,,,,,,,,,,,,,,,,,,,,,,,,
,,,,,,,,,,,,,,,,,,,,,,,,,,,,,,,,,,
,,,,,,,,,,,,,,,,,,,,,,,,,,,,,,,,,,
,,,,,,,,,,,,,,,,,,,,,,,,,,,,,,,,,,
,,,,,,,,,,,,,,,,,,,,,,,,,,,,,,,,,,
,,,,,,,,,,,,,,,,,,,,,,,,,,,,,,,,,,
,,,,,,,,,,,,,,,,,,,,,,,,,,,,,,,,,,
,,,,,,,,,,,,,,,,,,,,,,,,,,,,,,,,,,
,,,,,,,,,,,,,,,,,,,,,,,,,,,,,,,,,,
,,,,,,,,,,,,,,,,,,,,,,,,,,,,,,,,,,
,,,,,,,,,,,,,,,,,,,,,,,,,,,,,,,,,,
,,,,,,,,,,,,,,,,,,,,,,,,,,,,,,,,,,
,,,,,,,,,,,,,,,,,,,,,,,,,,,,,,,,,,
,,,,,,,,,,,,,,,,,,,,,,,,,,,,,,,,,,
,,,,,,,,,,,,,,,,,,,,,,,,,,,,,,,,,,
,,,,,,,,,,,,,,,,,,,,,,,,,,,,,,,,,,
,,,,,,,,,,,,,,,,,,,,,,,,,,,,,,,,,,
,,,,,,,,,,,,,,,,,,,,,,,,,,,,,,,,,,
,,,,,,,,,,,,,,,,,,,,,,,,,,,,,,,,,,
,,,,,,,,,,,,,,,,,,,,,,,,,,,,,,,,,,
,,,,,,,,,,,,,,,,,,,,,,,,,,,,,,,,,,
,,,,,,,,,,,,,,,,,,,,,,,,,,,,,,,,,,
,,,,,,,,,,,,,,,,,,,,,,,,,,,,,,,,,,
,,,,,,,,,,,,,,,,,,,,,,,,,,,,,,,,,,
,,,,,,,,,,,,,,,,,,,,,,,,,,,,,,,,,,
,,,,,,,,,,,,,,,,,,,,,,,,,,,,,,,,,,
,,,,,,,,,,,,,,,,,,,,,,,,,,,,,,,,,,
,,,,,,,,,,,,,,,,,,,,,,,,,,,,,,,,,,
,,,,,,,,,,,,,,,,,,,,,,,,,,,,,,,,,,
,,,,,,,,,,,,,,,,,,,,,,,,,,,,,,,,,,
,,,,,,,,,,,,,,,,,,,,,,,,,,,,,,,,,,
,,,,,,,,,,,,,,,,,,,,,,,,,,,,,,,,,,
,,,,,,,,,,,,,,,,,,,,,,,,,,,,,,,,,,
,,,,,,,,,,,,,,,,,,,,,,,,,,,,,,,,,,
,,,,,,,,,,,,,,,,,,,,,,,,,,,,,,,,,,
,,,,,,,,,,,,,,,,,,,,,,,,,,,,,,,,,,
,,,,,,,,,,,,,,,,,,,,,,,,,,,,,,,,,,
,,,,,,,,,,,,,,,,,,,,,,,,,,,,,,,,,,
,,,,,,,,,,,,,,,,,,,,,,,,,,,,,,,,,,
,,,,,,,,,,,,,,,,,,,,,,,,,,,,,,,,,,
,,,,,,,,,,,,,,,,,,,,,,,,,,,,,,,,,,
,,,,,,,,,,,,,,,,,,,,,,,,,,,,,,,,,,
,,,,,,,,,,,,,,,,,,,,,,,,,,,,,,,,,,
,,,,,,,,,,,,,,,,,,,,,,,,,,,,,,,,,,
,,,,,,,,,,,,,,,,,,,,,,,,,,,,,,,,,,
,,,,,,,,,,,,,,,,,,,,,,,,,,,,,,,,,,
,,,,,,,,,,,,,,,,,,,,,,,,,,,,,,,,,,
,,,,,,,,,,,,,,,,,,,,,,,,,,,,,,,,,,
,,,,,,,,,,,,,,,,,,,,,,,,,,,,,,,,,,
,,,,,,,,,,,,,,,,,,,,,,,,,,,,,,,,,,
,,,,,,,,,,,,,,,,,,,,,,,,,,,,,,,,,,
,,,,,,,,,,,,,,,,,,,,,,,,,,,,,,,,,,
,,,,,,,,,,,,,,,,,,,,,,,,,,,,,,,,,,
,,,,,,,,,,,,,,,,,,,,,,,,,,,,,,,,,,
,,,,,,,,,,,,,,,,,,,,,,,,,,,,,,,,,,
,,,,,,,,,,,,,,,,,,,,,,,,,,,,,,,,,,
,,,,,,,,,,,,,,,,,,,,,,,,,,,,,,,,,,
,,,,,,,,,,,,,,,,,,,,,,,,,,,,,,,,,,
,,,,,,,,,,,,,,,,,,,,,,,,,,,,,,,,,,
,,,,,,,,,,,,,,,,,,,,,,,,,,,,,,,,,,
,,,,,,,,,,,,,,,,,,,,,,,,,,,,,,,,,,
,,,,,,,,,,,,,,,,,,,,,,,,,,,,,,,,,,
,,,,,,,,,,,,,,,,,,,,,,,,,,,,,,,,,,
,,,,,,,,,,,,,,,,,,,,,,,,,,,,,,,,,,
,,,,,,,,,,,,,,,,,,,,,,,,,,,,,,,,,,
,,,,,,,,,,,,,,,,,,,,,,,,,,,,,,,,,,
,,,,,,,,,,,,,,,,,,,,,,,,,,,,,,,,,,
,,,,,,,,,,,,,,,,,,,,,,,,,,,,,,,,,,
,,,,,,,,,,,,,,,,,,,,,,,,,,,,,,,,,,
,,,,,,,,,,,,,,,,,,,,,,,,,,,,,,,,,,
,,,,,,,,,,,,,,,,,,,,,,,,,,,,,,,,,,
,,,,,,,,,,,,,,,,,,,,,,,,,,,,,,,,,,
,,,,,,,,,,,,,,,,,,,,,,,,,,,,,,,,,,
,,,,,,,,,,,,,,,,,,,,,,,,,,,,,,,,,,
,,,,,,,,,,,,,,,,,,,,,,,,,,,,,,,,,,
,,,,,,,,,,,,,,,,,,,,,,,,,,,,,,,,,,
,,,,,,,,,,,,,,,,,,,,,,,,,,,,,,,,,,
,,,,,,,,,,,,,,,,,,,,,,,,,,,,,,,,,,
,,,,,,,,,,,,,,,,,,,,,,,,,,,,,,,,,,
,,,,,,,,,,,,,,,,,,,,,,,,,,,,,,,,,,
,,,,,,,,,,,,,,,,,,,,,,,,,,,,,,,,,,
,,,,,,,,,,,,,,,,,,,,,,,,,,,,,,,,,,
,,,,,,,,,,,,,,,,,,,,,,,,,,,,,,,,,,
,,,,,,,,,,,,,,,,,,,,,,,,,,,,,,,,,,
,,,,,,,,,,,,,,,,,,,,,,,,,,,,,,,,,,
,,,,,,,,,,,,,,,,,,,,,,,,,,,,,,,,,,
,,,,,,,,,,,,,,,,,,,,,,,,,,,,,,,,,,
,,,,,,,,,,,,,,,,,,,,,,,,,,,,,,,,,,
,,,,,,,,,,,,,,,,,,,,,,,,,,,,,,,,,,
,,,,,,,,,,,,,,,,,,,,,,,,,,,,,,,,,,
,,,,,,,,,,,,,,,,,,,,,,,,,,,,,,,,,,
,,,,,,,,,,,,,,,,,,,,,,,,,,,,,,,,,,
,,,,,,,,,,,,,,,,,,,,,,,,,,,,,,,,,,
,,,,,,,,,,,,,,,,,,,,,,,,,,,,,,,,,,
,,,,,,,,,,,,,,,,,,,,,,,,,,,,,,,,,,
,,,,,,,,,,,,,,,,,,,,,,,,,,,,,,,,,,
,,,,,,,,,,,,,,,,,,,,,,,,,,,,,,,,,,
,,,,,,,,,,,,,,,,,,,,,,,,,,,,,,,,,,
,,,,,,,,,,,,,,,,,,,,,,,,,,,,,,,,,,
,,,,,,,,,,,,,,,,,,,,,,,,,,,,,,,,,,
,,,,,,,,,,,,,,,,,,,,,,,,,,,,,,,,,,
,,,,,,,,,,,,,,,,,,,,,,,,,,,,,,,,,,
,,,,,,,,,,,,,,,,,,,,,,,,,,,,,,,,,,
,,,,,,,,,,,,,,,,,,,,,,,,,,,,,,,,,,
,,,,,,,,,,,,,,,,,,,,,,,,,,,,,,,,,,
,,,,,,,,,,,,,,,,,,,,,,,,,,,,,,,,,,
,,,,,,,,,,,,,,,,,,,,,,,,,,,,,,,,,,
,,,,,,,,,,,,,,,,,,,,,,,,,,,,,,,,,,
,,,,,,,,,,,,,,,,,,,,,,,,,,,,,,,,,,
,,,,,,,,,,,,,,,,,,,,,,,,,,,,,,,,,,
,,,,,,,,,,,,,,,,,,,,,,,,,,,,,,,,,,
,,,,,,,,,,,,,,,,,,,,,,,,,,,,,,,,,,
,,,,,,,,,,,,,,,,,,,,,,,,,,,,,,,,,,
,,,,,,,,,,,,,,,,,,,,,,,,,,,,,,,,,,
,,,,,,,,,,,,,,,,,,,,,,,,,,,,,,,,,,
,,,,,,,,,,,,,,,,,,,,,,,,,,,,,,,,,,
,,,,,,,,,,,,,,,,,,,,,,,,,,,,,,,,,,
,,,,,,,,,,,,,,,,,,,,,,,,,,,,,,,,,,
,,,,,,,,,,,,,,,,,,,,,,,,,,,,,,,,,,
,,,,,,,,,,,,,,,,,,,,,,,,,,,,,,,,,,
,,,,,,,,,,,,,,,,,,,,,,,,,,,,,,,,,,
,,,,,,,,,,,,,,,,,,,,,,,,,,,,,,,,,,
,,,,,,,,,,,,,,,,,,,,,,,,,,,,,,,,,,
,,,,,,,,,,,,,,,,,,,,,,,,,,,,,,,,,,
,,,,,,,,,,,,,,,,,,,,,,,,,,,,,,,,,,
,,,,,,,,,,,,,,,,,,,,,,,,,,,,,,,,,,
,,,,,,,,,,,,,,,,,,,,,,,,,,,,,,,,,,
,,,,,,,,,,,,,,,,,,,,,,,,,,,,,,,,,,
,,,,,,,,,,,,,,,,,,,,,,,,,,,,,,,,,,
,,,,,,,,,,,,,,,,,,,,,,,,,,,,,,,,,,
,,,,,,,,,,,,,,,,,,,,,,,,,,,,,,,,,,
,,,,,,,,,,,,,,,,,,,,,,,,,,,,,,,,,,
,,,,,,,,,,,,,,,,,,,,,,,,,,,,,,,,,,
,,,,,,,,,,,,,,,,,,,,,,,,,,,,,,,,,,
,,,,,,,,,,,,,,,,,,,,,,,,,,,,,,,,,,
,,,,,,,,,,,,,,,,,,,,,,,,,,,,,,,,,,
,,,,,,,,,,,,,,,,,,,,,,,,,,,,,,,,,,
,,,,,,,,,,,,,,,,,,,,,,,,,,,,,,,,,,
,,,,,,,,,,,,,,,,,,,,,,,,,,,,,,,,,,
,,,,,,,,,,,,,,,,,,,,,,,,,,,,,,,,,,
,,,,,,,,,,,,,,,,,,,,,,,,,,,,,,,,,,
,,,,,,,,,,,,,,,,,,,,,,,,,,,,,,,,,,
,,,,,,,,,,,,,,,,,,,,,,,,,,,,,,,,,,
,,,,,,,,,,,,,,,,,,,,,,,,,,,,,,,,,,
,,,,,,,,,,,,,,,,,,,,,,,,,,,,,,,,,,
,,,,,,,,,,,,,,,,,,,,,,,,,,,,,,,,,,
,,,,,,,,,,,,,,,,,,,,,,,,,,,,,,,,,,
,,,,,,,,,,,,,,,,,,,,,,,,,,,,,,,,,,
,,,,,,,,,,,,,,,,,,,,,,,,,,,,,,,,,,
,,,,,,,,,,,,,,,,,,,,,,,,,,,,,,,,,,
,,,,,,,,,,,,,,,,,,,,,,,,,,,,,,,,,,
,,,,,,,,,,,,,,,,,,,,,,,,,,,,,,,,,,
,,,,,,,,,,,,,,,,,,,,,,,,,,,,,,,,,,
,,,,,,,,,,,,,,,,,,,,,,,,,,,,,,,,,,
,,,,,,,,,,,,,,,,,,,,,,,,,,,,,,,,,,
,,,,,,,,,,,,,,,,,,,,,,,,,,,,,,,,,,
,,,,,,,,,,,,,,,,,,,,,,,,,,,,,,,,,,
,,,,,,,,,,,,,,,,,,,,,,,,,,,,,,,,,,
,,,,,,,,,,,,,,,,,,,,,,,,,,,,,,,,,,
,,,,,,,,,,,,,,,,,,,,,,,,,,,,,,,,,,
,,,,,,,,,,,,,,,,,,,,,,,,,,,,,,,,,,
,,,,,,,,,,,,,,,,,,,,,,,,,,,,,,,,,,
,,,,,,,,,,,,,,,,,,,,,,,,,,,,,,,,,,
,,,,,,,,,,,,,,,,,,,,,,,,,,,,,,,,,,
,,,,,,,,,,,,,,,,,,,,,,,,,,,,,,,,,,
,,,,,,,,,,,,,,,,,,,,,,,,,,,,,,,,,,
,,,,,,,,,,,,,,,,,,,,,,,,,,,,,,,,,,
,,,,,,,,,,,,,,,,,,,,,,,,,,,,,,,,,,
,,,,,,,,,,,,,,,,,,,,,,,,,,,,,,,,,,
,,,,,,,,,,,,,,,,,,,,,,,,,,,,,,,,,,
,,,,,,,,,,,,,,,,,,,,,,,,,,,,,,,,,,
,,,,,,,,,,,,,,,,,,,,,,,,,,,,,,,,,,
,,,,,,,,,,,,,,,,,,,,,,,,,,,,,,,,,,
,,,,,,,,,,,,,,,,,,,,,,,,,,,,,,,,,,
,,,,,,,,,,,,,,,,,,,,,,,,,,,,,,,,,,
,,,,,,,,,,,,,,,,,,,,,,,,,,,,,,,,,,
,,,,,,,,,,,,,,,,,,,,,,,,,,,,,,,,,,
,,,,,,,,,,,,,,,,,,,,,,,,,,,,,,,,,,
,,,,,,,,,,,,,,,,,,,,,,,,,,,,,,,,,,
,,,,,,,,,,,,,,,,,,,,,,,,,,,,,,,,,,
,,,,,,,,,,,,,,,,,,,,,,,,,,,,,,,,,,
,,,,,,,,,,,,,,,,,,,,,,,,,,,,,,,,,,
,,,,,,,,,,,,,,,,,,,,,,,,,,,,,,,,,,
,,,,,,,,,,,,,,,,,,,,,,,,,,,,,,,,,,
,,,,,,,,,,,,,,,,,,,,,,,,,,,,,,,,,,
,,,,,,,,,,,,,,,,,,,,,,,,,,,,,,,,,,
,,,,,,,,,,,,,,,,,,,,,,,,,,,,,,,,,,
,,,,,,,,,,,,,,,,,,,,,,,,,,,,,,,,,,
,,,,,,,,,,,,,,,,,,,,,,,,,,,,,,,,,,
,,,,,,,,,,,,,,,,,,,,,,,,,,,,,,,,,,
,,,,,,,,,,,,,,,,,,,,,,,,,,,,,,,,,,
,,,,,,,,,,,,,,,,,,,,,,,,,,,,,,,,,,
,,,,,,,,,,,,,,,,,,,,,,,,,,,,,,,,,,
,,,,,,,,,,,,,,,,,,,,,,,,,,,,,,,,,,
,,,,,,,,,,,,,,,,,,,,,,,,,,,,,,,,,,
,,,,,,,,,,,,,,,,,,,,,,,,,,,,,,,,,,
,,,,,,,,,,,,,,,,,,,,,,,,,,,,,,,,,,
,,,,,,,,,,,,,,,,,,,,,,,,,,,,,,,,,,
,,,,,,,,,,,,,,,,,,,,,,,,,,,,,,,,,,
,,,,,,,,,,,,,,,,,,,,,,,,,,,,,,,,,,
,,,,,,,,,,,,,,,,,,,,,,,,,,,,,,,,,,
,,,,,,,,,,,,,,,,,,,,,,,,,,,,,,,,,,
,,,,,,,,,,,,,,,,,,,,,,,,,,,,,,,,,,
,,,,,,,,,,,,,,,,,,,,,,,,,,,,,,,,,,
,,,,,,,,,,,,,,,,,,,,,,,,,,,,,,,,,,
,,,,,,,,,,,,,,,,,,,,,,,,,,,,,,,,,,
,,,,,,,,,,,,,,,,,,,,,,,,,,,,,,,,,,
,,,,,,,,,,,,,,,,,,,,,,,,,,,,,,,,,,
,,,,,,,,,,,,,,,,,,,,,,,,,,,,,,,,,,
,,,,,,,,,,,,,,,,,,,,,,,,,,,,,,,,,,
,,,,,,,,,,,,,,,,,,,,,,,,,,,,,,,,,,
,,,,,,,,,,,,,,,,,,,,,,,,,,,,,,,,,,
,,,,,,,,,,,,,,,,,,,,,,,,,,,,,,,,,,
,,,,,,,,,,,,,,,,,,,,,,,,,,,,,,,,,,
,,,,,,,,,,,,,,,,,,,,,,,,,,,,,,,,,,
,,,,,,,,,,,,,,,,,,,,,,,,,,,,,,,,,,
,,,,,,,,,,,,,,,,,,,,,,,,,,,,,,,,,,
,,,,,,,,,,,,,,,,,,,,,,,,,,,,,,,,,,
,,,,,,,,,,,,,,,,,,,,,,,,,,,,,,,,,,
,,,,,,,,,,,,,,,,,,,,,,,,,,,,,,,,,,
,,,,,,,,,,,,,,,,,,,,,,,,,,,,,,,,,,
,,,,,,,,,,,,,,,,,,,,,,,,,,,,,,,,,,
,,,,,,,,,,,,,,,,,,,,,,,,,,,,,,,,,,
,,,,,,,,,,,,,,,,,,,,,,,,,,,,,,,,,,
,,,,,,,,,,,,,,,,,,,,,,,,,,,,,,,,,,
,,,,,,,,,,,,,,,,,,,,,,,,,,,,,,,,,,
,,,,,,,,,,,,,,,,,,,,,,,,,,,,,,,,,,
,,,,,,,,,,,,,,,,,,,,,,,,,,,,,,,,,,
,,,,,,,,,,,,,,,,,,,,,,,,,,,,,,,,,,
,,,,,,,,,,,,,,,,,,,,,,,,,,,,,,,,,,
,,,,,,,,,,,,,,,,,,,,,,,,,,,,,,,,,,
,,,,,,,,,,,,,,,,,,,,,,,,,,,,,,,,,,
,,,,,,,,,,,,,,,,,,,,,,,,,,,,,,,,,,
,,,,,,,,,,,,,,,,,,,,,,,,,,,,,,,,,,
,,,,,,,,,,,,,,,,,,,,,,,,,,,,,,,,,,
,,,,,,,,,,,,,,,,,,,,,,,,,,,,,,,,,,
,,,,,,,,,,,,,,,,,,,,,,,,,,,,,,,,,,
,,,,,,,,,,,,,,,,,,,,,,,,,,,,,,,,,,
,,,,,,,,,,,,,,,,,,,,,,,,,,,,,,,,,,
,,,,,,,,,,,,,,,,,,,,,,,,,,,,,,,,,,
,,,,,,,,,,,,,,,,,,,,,,,,,,,,,,,,,,
,,,,,,,,,,,,,,,,,,,,,,,,,,,,,,,,,,
,,,,,,,,,,,,,,,,,,,,,,,,,,,,,,,,,,
,,,,,,,,,,,,,,,,,,,,,,,,,,,,,,,,,,
,,,,,,,,,,,,,,,,,,,,,,,,,,,,,,,,,,
,,,,,,,,,,,,,,,,,,,,,,,,,,,,,,,,,,
,,,,,,,,,,,,,,,,,,,,,,,,,,,,,,,,,,
,,,,,,,,,,,,,,,,,,,,,,,,,,,,,,,,,,
,,,,,,,,,,,,,,,,,,,,,,,,,,,,,,,,,,
,,,,,,,,,,,,,,,,,,,,,,,,,,,,,,,,,,
,,,,,,,,,,,,,,,,,,,,,,,,,,,,,,,,,,
,,,,,,,,,,,,,,,,,,,,,,,,,,,,,,,,,,
,,,,,,,,,,,,,,,,,,,,,,,,,,,,,,,,,,
,,,,,,,,,,,,,,,,,,,,,,,,,,,,,,,,,,
,,,,,,,,,,,,,,,,,,,,,,,,,,,,,,,,,,
,,,,,,,,,,,,,,,,,,,,,,,,,,,,,,,,,,
,,,,,,,,,,,,,,,,,,,,,,,,,,,,,,,,,,
,,,,,,,,,,,,,,,,,,,,,,,,,,,,,,,,,,
,,,,,,,,,,,,,,,,,,,,,,,,,,,,,,,,,,
,,,,,,,,,,,,,,,,,,,,,,,,,,,,,,,,,,
,,,,,,,,,,,,,,,,,,,,,,,,,,,,,,,,,,
,,,,,,,,,,,,,,,,,,,,,,,,,,,,,,,,,,
,,,,,,,,,,,,,,,,,,,,,,,,,,,,,,,,,,
,,,,,,,,,,,,,,,,,,,,,,,,,,,,,,,,,,
,,,,,,,,,,,,,,,,,,,,,,,,,,,,,,,,,,
,,,,,,,,,,,,,,,,,,,,,,,,,,,,,,,,,,
,,,,,,,,,,,,,,,,,,,,,,,,,,,,,,,,,,
,,,,,,,,,,,,,,,,,,,,,,,,,,,,,,,,,,
,,,,,,,,,,,,,,,,,,,,,,,,,,,,,,,,,,
,,,,,,,,,,,,,,,,,,,,,,,,,,,,,,,,,,
,,,,,,,,,,,,,,,,,,,,,,,,,,,,,,,,,,
,,,,,,,,,,,,,,,,,,,,,,,,,,,,,,,,,,
,,,,,,,,,,,,,,,,,,,,,,,,,,,,,,,,,,
,,,,,,,,,,,,,,,,,,,,,,,,,,,,,,,,,,
,,,,,,,,,,,,,,,,,,,,,,,,,,,,,,,,,,
,,,,,,,,,,,,,,,,,,,,,,,,,,,,,,,,,,
,,,,,,,,,,,,,,,,,,,,,,,,,,,,,,,,,,
,,,,,,,,,,,,,,,,,,,,,,,,,,,,,,,,,,
,,,,,,,,,,,,,,,,,,,,,,,,,,,,,,,,,,
,,,,,,,,,,,,,,,,,,,,,,,,,,,,,,,,,,
,,,,,,,,,,,,,,,,,,,,,,,,,,,,,,,,,,
,,,,,,,,,,,,,,,,,,,,,,,,,,,,,,,,,,
,,,,,,,,,,,,,,,,,,,,,,,,,,,,,,,,,,
,,,,,,,,,,,,,,,,,,,,,,,,,,,,,,,,,,
,,,,,,,,,,,,,,,,,,,,,,,,,,,,,,,,,,
,,,,,,,,,,,,,,,,,,,,,,,,,,,,,,,,,,
,,,,,,,,,,,,,,,,,,,,,,,,,,,,,,,,,,
,,,,,,,,,,,,,,,,,,,,,,,,,,,,,,,,,,
,,,,,,,,,,,,,,,,,,,,,,,,,,,,,,,,,,
,,,,,,,,,,,,,,,,,,,,,,,,,,,,,,,,,,
,,,,,,,,,,,,,,,,,,,,,,,,,,,,,,,,,,
,,,,,,,,,,,,,,,,,,,,,,,,,,,,,,,,,,
,,,,,,,,,,,,,,,,,,,,,,,,,,,,,,,,,,
,,,,,,,,,,,,,,,,,,,,,,,,,,,,,,,,,,
,,,,,,,,,,,,,,,,,,,,,,,,,,,,,,,,,,
,,,,,,,,,,,,,,,,,,,,,,,,,,,,,,,,,,
,,,,,,,,,,,,,,,,,,,,,,,,,,,,,,,,,,
,,,,,,,,,,,,,,,,,,,,,,,,,,,,,,,,,,
,,,,,,,,,,,,,,,,,,,,,,,,,,,,,,,,,,
,,,,,,,,,,,,,,,,,,,,,,,,,,,,,,,,,,
,,,,,,,,,,,,,,,,,,,,,,,,,,,,,,,,,,
,,,,,,,,,,,,,,,,,,,,,,,,,,,,,,,,,,
,,,,,,,,,,,,,,,,,,,,,,,,,,,,,,,,,,
,,,,,,,,,,,,,,,,,,,,,,,,,,,,,,,,,,
,,,,,,,,,,,,,,,,,,,,,,,,,,,,,,,,,,
,,,,,,,,,,,,,,,,,,,,,,,,,,,,,,,,,,
,,,,,,,,,,,,,,,,,,,,,,,,,,,,,,,,,,
,,,,,,,,,,,,,,,,,,,,,,,,,,,,,,,,,,
,,,,,,,,,,,,,,,,,,,,,,,,,,,,,,,,,,
,,,,,,,,,,,,,,,,,,,,,,,,,,,,,,,,,,
,,,,,,,,,,,,,,,,,,,,,,,,,,,,,,,,,,
,,,,,,,,,,,,,,,,,,,,,,,,,,,,,,,,,,
,,,,,,,,,,,,,,,,,,,,,,,,,,,,,,,,,,
,,,,,,,,,,,,,,,,,,,,,,,,,,,,,,,,,,
,,,,,,,,,,,,,,,,,,,,,,,,,,,,,,,,,,
,,,,,,,,,,,,,,,,,,,,,,,,,,,,,,,,,,
,,,,,,,,,,,,,,,,,,,,,,,,,,,,,,,,,,
,,,,,,,,,,,,,,,,,,,,,,,,,,,,,,,,,,
,,,,,,,,,,,,,,,,,,,,,,,,,,,,,,,,,,
,,,,,,,,,,,,,,,,,,,,,,,,,,,,,,,,,,
,,,,,,,,,,,,,,,,,,,,,,,,,,,,,,,,,,
,,,,,,,,,,,,,,,,,,,,,,,,,,,,,,,,,,
,,,,,,,,,,,,,,,,,,,,,,,,,,,,,,,,,,
,,,,,,,,,,,,,,,,,,,,,,,,,,,,,,,,,,
,,,,,,,,,,,,,,,,,,,,,,,,,,,,,,,,,,
,,,,,,,,,,,,,,,,,,,,,,,,,,,,,,,,,,
,,,,,,,,,,,,,,,,,,,,,,,,,,,,,,,,,,
,,,,,,,,,,,,,,,,,,,,,,,,,,,,,,,,,,
,,,,,,,,,,,,,,,,,,,,,,,,,,,,,,,,,,
,,,,,,,,,,,,,,,,,,,,,,,,,,,,,,,,,,
,,,,,,,,,,,,,,,,,,,,,,,,,,,,,,,,,,
,,,,,,,,,,,,,,,,,,,,,,,,,,,,,,,,,,
,,,,,,,,,,,,,,,,,,,,,,,,,,,,,,,,,,
,,,,,,,,,,,,,,,,,,,,,,,,,,,,,,,,,,
,,,,,,,,,,,,,,,,,,,,,,,,,,,,,,,,,,
,,,,,,,,,,,,,,,,,,,,,,,,,,,,,,,,,,
,,,,,,,,,,,,,,,,,,,,,,,,,,,,,,,,,,
,,,,,,,,,,,,,,,,,,,,,,,,,,,,,,,,,,
,,,,,,,,,,,,,,,,,,,,,,,,,,,,,,,,,,
,,,,,,,,,,,,,,,,,,,,,,,,,,,,,,,,,,
,,,,,,,,,,,,,,,,,,,,,,,,,,,,,,,,,,
,,,,,,,,,,,,,,,,,,,,,,,,,,,,,,,,,,
,,,,,,,,,,,,,,,,,,,,,,,,,,,,,,,,,,
,,,,,,,,,,,,,,,,,,,,,,,,,,,,,,,,,,
,,,,,,,,,,,,,,,,,,,,,,,,,,,,,,,,,,
,,,,,,,,,,,,,,,,,,,,,,,,,,,,,,,,,,
,,,,,,,,,,,,,,,,,,,,,,,,,,,,,,,,,,
,,,,,,,,,,,,,,,,,,,,,,,,,,,,,,,,,,
,,,,,,,,,,,,,,,,,,,,,,,,,,,,,,,,,,
,,,,,,,,,,,,,,,,,,,,,,,,,,,,,,,,,,
,,,,,,,,,,,,,,,,,,,,,,,,,,,,,,,,,,
,,,,,,,,,,,,,,,,,,,,,,,,,,,,,,,,,,
,,,,,,,,,,,,,,,,,,,,,,,,,,,,,,,,,,
,,,,,,,,,,,,,,,,,,,,,,,,,,,,,,,,,,
,,,,,,,,,,,,,,,,,,,,,,,,,,,,,,,,,,
,,,,,,,,,,,,,,,,,,,,,,,,,,,,,,,,,,
,,,,,,,,,,,,,,,,,,,,,,,,,,,,,,,,,,
,,,,,,,,,,,,,,,,,,,,,,,,,,,,,,,,,,
,,,,,,,,,,,,,,,,,,,,,,,,,,,,,,,,,,
,,,,,,,,,,,,,,,,,,,,,,,,,,,,,,,,,,
,,,,,,,,,,,,,,,,,,,,,,,,,,,,,,,,,,
,,,,,,,,,,,,,,,,,,,,,,,,,,,,,,,,,,
,,,,,,,,,,,,,,,,,,,,,,,,,,,,,,,,,,
,,,,,,,,,,,,,,,,,,,,,,,,,,,,,,,,,,
,,,,,,,,,,,,,,,,,,,,,,,,,,,,,,,,,,
,,,,,,,,,,,,,,,,,,,,,,,,,,,,,,,,,,
,,,,,,,,,,,,,,,,,,,,,,,,,,,,,,,,,,
,,,,,,,,,,,,,,,,,,,,,,,,,,,,,,,,,,
,,,,,,,,,,,,,,,,,,,,,,,,,,,,,,,,,,
,,,,,,,,,,,,,,,,,,,,,,,,,,,,,,,,,,
,,,,,,,,,,,,,,,,,,,,,,,,,,,,,,,,,,
,,,,,,,,,,,,,,,,,,,,,,,,,,,,,,,,,,
,,,,,,,,,,,,,,,,,,,,,,,,,,,,,,,,,,
,,,,,,,,,,,,,,,,,,,,,,,,,,,,,,,,,,
,,,,,,,,,,,,,,,,,,,,,,,,,,,,,,,,,,
,,,,,,,,,,,,,,,,,,,,,,,,,,,,,,,,,,
,,,,,,,,,,,,,,,,,,,,,,,,,,,,,,,,,,
,,,,,,,,,,,,,,,,,,,,,,,,,,,,,,,,,,
,,,,,,,,,,,,,,,,,,,,,,,,,,,,,,,,,,
,,,,,,,,,,,,,,,,,,,,,,,,,,,,,,,,,,
,,,,,,,,,,,,,,,,,,,,,,,,,,,,,,,,,,
,,,,,,,,,,,,,,,,,,,,,,,,,,,,,,,,,,
,,,,,,,,,,,,,,,,,,,,,,,,,,,,,,,,,,
,,,,,,,,,,,,,,,,,,,,,,,,,,,,,,,,,,
,,,,,,,,,,,,,,,,,,,,,,,,,,,,,,,,,,
,,,,,,,,,,,,,,,,,,,,,,,,,,,,,,,,,,
,,,,,,,,,,,,,,,,,,,,,,,,,,,,,,,,,,
,,,,,,,,,,,,,,,,,,,,,,,,,,,,,,,,,,
,,,,,,,,,,,,,,,,,,,,,,,,,,,,,,,,,,
,,,,,,,,,,,,,,,,,,,,,,,,,,,,,,,,,,
,,,,,,,,,,,,,,,,,,,,,,,,,,,,,,,,,,
,,,,,,,,,,,,,,,,,,,,,,,,,,,,,,,,,,
,,,,,,,,,,,,,,,,,,,,,,,,,,,,,,,,,,
,,,,,,,,,,,,,,,,,,,,,,,,,,,,,,,,,,
,,,,,,,,,,,,,,,,,,,,,,,,,,,,,,,,,,
,,,,,,,,,,,,,,,,,,,,,,,,,,,,,,,,,,
,,,,,,,,,,,,,,,,,,,,,,,,,,,,,,,,,,
,,,,,,,,,,,,,,,,,,,,,,,,,,,,,,,,,,
,,,,,,,,,,,,,,,,,,,,,,,,,,,,,,,,,,
,,,,,,,,,,,,,,,,,,,,,,,,,,,,,,,,,,
,,,,,,,,,,,,,,,,,,,,,,,,,,,,,,,,,,
,,,,,,,,,,,,,,,,,,,,,,,,,,,,,,,,,,
,,,,,,,,,,,,,,,,,,,,,,,,,,,,,,,,,,
,,,,,,,,,,,,,,,,,,,,,,,,,,,,,,,,,,
,,,,,,,,,,,,,,,,,,,,,,,,,,,,,,,,,,
,,,,,,,,,,,,,,,,,,,,,,,,,,,,,,,,,,
,,,,,,,,,,,,,,,,,,,,,,,,,,,,,,,,,,
,,,,,,,,,,,,,,,,,,,,,,,,,,,,,,,,,,
,,,,,,,,,,,,,,,,,,,,,,,,,,,,,,,,,,
,,,,,,,,,,,,,,,,,,,,,,,,,,,,,,,,,,
,,,,,,,,,,,,,,,,,,,,,,,,,,,,,,,,,,
,,,,,,,,,,,,,,,,,,,,,,,,,,,,,,,,,,
,,,,,,,,,,,,,,,,,,,,,,,,,,,,,,,,,,
,,,,,,,,,,,,,,,,,,,,,,,,,,,,,,,,,,
,,,,,,,,,,,,,,,,,,,,,,,,,,,,,,,,,,
,,,,,,,,,,,,,,,,,,,,,,,,,,,,,,,,,,
,,,,,,,,,,,,,,,,,,,,,,,,,,,,,,,,,,
,,,,,,,,,,,,,,,,,,,,,,,,,,,,,,,,,,
,,,,,,,,,,,,,,,,,,,,,,,,,,,,,,,,,,
,,,,,,,,,,,,,,,,,,,,,,,,,,,,,,,,,,
,,,,,,,,,,,,,,,,,,,,,,,,,,,,,,,,,,
,,,,,,,,,,,,,,,,,,,,,,,,,,,,,,,,,,
,,,,,,,,,,,,,,,,,,,,,,,,,,,,,,,,,,
,,,,,,,,,,,,,,,,,,,,,,,,,,,,,,,,,,
,,,,,,,,,,,,,,,,,,,,,,,,,,,,,,,,,,
,,,,,,,,,,,,,,,,,,,,,,,,,,,,,,,,,,
,,,,,,,,,,,,,,,,,,,,,,,,,,,,,,,,,,
,,,,,,,,,,,,,,,,,,,,,,,,,,,,,,,,,,
,,,,,,,,,,,,,,,,,,,,,,,,,,,,,,,,,,
,,,,,,,,,,,,,,,,,,,,,,,,,,,,,,,,,,
,,,,,,,,,,,,,,,,,,,,,,,,,,,,,,,,,,
,,,,,,,,,,,,,,,,,,,,,,,,,,,,,,,,,,
,,,,,,,,,,,,,,,,,,,,,,,,,,,,,,,,,,
,,,,,,,,,,,,,,,,,,,,,,,,,,,,,,,,,,
,,,,,,,,,,,,,,,,,,,,,,,,,,,,,,,,,,
,,,,,,,,,,,,,,,,,,,,,,,,,,,,,,,,,,
,,,,,,,,,,,,,,,,,,,,,,,,,,,,,,,,,,
,,,,,,,,,,,,,,,,,,,,,,,,,,,,,,,,,,
,,,,,,,,,,,,,,,,,,,,,,,,,,,,,,,,,,
,,,,,,,,,,,,,,,,,,,,,,,,,,,,,,,,,,
,,,,,,,,,,,,,,,,,,,,,,,,,,,,,,,,,,
,,,,,,,,,,,,,,,,,,,,,,,,,,,,,,,,,,
,,,,,,,,,,,,,,,,,,,,,,,,,,,,,,,,,,
,,,,,,,,,,,,,,,,,,,,,,,,,,,,,,,,,,
,,,,,,,,,,,,,,,,,,,,,,,,,,,,,,,,,,
,,,,,,,,,,,,,,,,,,,,,,,,,,,,,,,,,,
,,,,,,,,,,,,,,,,,,,,,,,,,,,,,,,,,,
,,,,,,,,,,,,,,,,,,,,,,,,,,,,,,,,,,
,,,,,,,,,,,,,,,,,,,,,,,,,,,,,,,,,,
,,,,,,,,,,,,,,,,,,,,,,,,,,,,,,,,,,
,,,,,,,,,,,,,,,,,,,,,,,,,,,,,,,,,,
,,,,,,,,,,,,,,,,,,,,,,,,,,,,,,,,,,
,,,,,,,,,,,,,,,,,,,,,,,,,,,,,,,,,,
,,,,,,,,,,,,,,,,,,,,,,,,,,,,,,,,,,
,,,,,,,,,,,,,,,,,,,,,,,,,,,,,,,,,,
,,,,,,,,,,,,,,,,,,,,,,,,,,,,,,,,,,
,,,,,,,,,,,,,,,,,,,,,,,,,,,,,,,,,,
,,,,,,,,,,,,,,,,,,,,,,,,,,,,,,,,,,
,,,,,,,,,,,,,,,,,,,,,,,,,,,,,,,,,,
,,,,,,,,,,,,,,,,,,,,,,,,,,,,,,,,,,
,,,,,,,,,,,,,,,,,,,,,,,,,,,,,,,,,,
,,,,,,,,,,,,,,,,,,,,,,,,,,,,,,,,,,
,,,,,,,,,,,,,,,,,,,,,,,,,,,,,,,,,,
,,,,,,,,,,,,,,,,,,,,,,,,,,,,,,,,,,
,,,,,,,,,,,,,,,,,,,,,,,,,,,,,,,,,,
,,,,,,,,,,,,,,,,,,,,,,,,,,,,,,,,,,
,,,,,,,,,,,,,,,,,,,,,,,,,,,,,,,,,,
,,,,,,,,,,,,,,,,,,,,,,,,,,,,,,,,,,
,,,,,,,,,,,,,,,,,,,,,,,,,,,,,,,,,,
